Player,Competetion,season,Nation,Pos,Age,Min,Gls,Ast,PK,PKatt,Sh,SoT,CrdY,CrdR,Touches,Tkl,Int,Blocks,xG_y,npxG,xAG,SCA,GCA,Cmp_x,Att_x,Cmp%_x,PrgP,Carries,PrgC,Att_x.1,Succ,SoTA,GA,Saves,Save%,PSxG,Cmp_y,Att_y,Cmp%_y,Att (GK),Thr,Launch%,AvgLen,Att_y.1,Launch%.1,AvgLen.1,Opp,Stp,Stp%,#OPA,AvgDist,Home
Carlos Soler,La-Liga,2021-2022,es ESP,"CM,RM",24-223,85,1,0,1,1,1,0,1,0,26,0,1,0,1.2,0.4,0,1,0,16,19,84.2,2,12,0,0,0,,,,,,,,,,,,,,,,,,,,,Valencia
Daniel Wass,La-Liga,2021-2022,dk DEN,CM,32-074,68,0,0,0,0,0,0,1,0,22,1,0,0,0,0,0,0,0,11,18,61.1,3,11,0,0,0,,,,,,,,,,,,,,,,,,,,,Valencia
Denis Cheryshev,La-Liga,2021-2022,ru RUS,LM,30-230,76,0,0,0,0,1,1,0,0,28,0,4,0,0.2,0.2,0,3,2,12,15,80,0,12,0,3,1,,,,,,,,,,,,,,,,,,,,,Valencia
Gabriel Paulista,La-Liga,2021-2022,br BRA,CB,30-260,90,0,0,0,0,0,0,0,0,21,0,2,2,0,0,0,0,0,6,10,60,0,4,0,0,0,,,,,,,,,,,,,,,,,,,,,Valencia
Giorgi Mamardashvili,La-Liga,2021-2022,ge GEO,GK,20-318,90,0,0,0,0,0,0,0,0,26,0,0,0,0,0,0,0,0,15,23,65.2,0,6,0,0,0,4,0,4,100,0.8,11,19,57.9,10,1,80,51.1,13,84.6,56.4,26,0,0,0,12,Valencia
Gonçalo Guedes,La-Liga,2021-2022,pt POR,"RM,FW",24-257,85,0,0,0,0,0,0,0,0,35,3,1,0,0,0,0,2,0,18,25,72,4,31,4,5,4,,,,,,,,,,,,,,,,,,,,,Valencia
Hugo Guillamón,La-Liga,2021-2022,es ESP,CM,21-194,2,0,0,0,0,0,0,0,1,1,0,0,0,0,0,0,0,0,1,1,100,0,1,0,0,0,,,,,,,,,,,,,,,,,,,,,Valencia
Jason,La-Liga,2021-2022,es ESP,RM,27-038,5,0,0,0,0,0,0,1,0,6,0,0,1,0,0,0,0,0,3,4,75,0,4,0,0,0,,,,,,,,,,,,,,,,,,,,,Valencia
José Luis Gayà,La-Liga,2021-2022,es ESP,LB,26-080,90,0,0,0,0,0,0,1,0,26,0,1,1,0,0,0,0,0,11,20,55,0,13,0,0,0,,,,,,,,,,,,,,,,,,,,,Valencia
Maxi Gómez,La-Liga,2021-2022,uy URU,FW,24-364,90,0,0,0,0,1,0,1,0,27,0,0,0,0,0,0,0,0,6,17,35.3,0,20,1,0,0,,,,,,,,,,,,,,,,,,,,,Valencia
Mouctar Diakhaby,La-Liga,2021-2022,gn GUI,CM,24-237,5,0,0,0,0,0,0,0,0,5,0,0,1,0,0,0,0,0,0,0,,0,1,0,0,0,,,,,,,,,,,,,,,,,,,,,Valencia
Omar Alderete,La-Liga,2021-2022,py PAR,CB,24-230,90,0,0,0,0,0,0,1,0,20,0,0,2,0,0,0,0,0,6,11,54.5,1,8,0,0,0,,,,,,,,,,,,,,,,,,,,,Valencia
Rubén Sobrino,La-Liga,2021-2022,es ESP,LM,29-073,14,0,0,0,0,0,0,0,0,5,1,2,1,0,0,0,0,0,1,1,100,0,2,0,1,1,,,,,,,,,,,,,,,,,,,,,Valencia
Thierry Correia,La-Liga,2021-2022,pt POR,RB,22-157,90,0,0,0,0,0,0,0,0,44,2,1,2,0,0,0.4,2,0,21,32,65.6,3,17,0,1,0,,,,,,,,,,,,,,,,,,,,,Valencia
Carles Aleñá,La-Liga,2021-2022,es ESP,CM,23-220,45,0,0,0,0,0,0,0,0,27,0,1,1,0,0,0,0,0,17,23,73.9,3,17,1,0,0,,,,,,,,,,,,,,,,,,,,,Getafe
Damián Suárez,La-Liga,2021-2022,uy URU,RB,33-108,78,0,0,0,0,1,1,0,0,66,1,0,0,0.1,0.1,0.1,4,0,53,64,82.8,7,39,0,0,0,,,,,,,,,,,,,,,,,,,,,Getafe
David Soria,La-Liga,2021-2022,es ESP,GK,28-131,90,0,0,0,0,0,0,0,0,14,0,0,0,0,0,0,0,0,6,11,54.5,0,4,0,0,0,2,1,1,100,1.2,2,7,28.6,9,0,55.6,36.7,2,100,56.5,3,0,0,2,25,Getafe
Djené,La-Liga,2021-2022,tg TOG,CB,29-225,90,0,0,0,0,0,0,0,0,86,2,0,0,0,0,0.1,6,0,72,78,92.3,10,59,6,1,1,,,,,,,,,,,,,,,,,,,,,Getafe
Enes Ünal,La-Liga,2021-2022,tr TUR,FW,24-095,67,0,0,0,0,3,0,0,0,22,0,0,0,0.3,0.3,0,1,0,13,16,81.3,0,13,0,0,0,,,,,,,,,,,,,,,,,,,,,Getafe
Erick Cabaco,La-Liga,2021-2022,uy URU,CB,26-116,75,0,0,0,0,0,0,2,1,42,0,0,0,0,0,0,0,0,36,41,87.8,2,34,2,0,0,,,,,,,,,,,,,,,,,,,,,Getafe
Hugo Duro,La-Liga,2021-2022,es ESP,"RB,RM",21-276,12,0,0,0,0,2,1,0,0,7,0,0,0,0.1,0.1,0,0,0,2,5,40,0,5,0,0,0,,,,,,,,,,,,,,,,,,,,,Getafe
Jaime Mata,La-Liga,2021-2022,es ESP,FW,32-293,45,0,0,0,0,1,0,0,0,11,0,0,0,0.1,0.1,0,0,0,7,9,77.8,1,8,0,0,0,,,,,,,,,,,,,,,,,,,,,Getafe
José Juan Macías,La-Liga,2021-2022,mx MEX,FW,21-325,24,0,0,0,0,1,0,0,0,3,0,0,0,0,0,0,1,0,0,1,0,0,2,0,1,1,,,,,,,,,,,,,,,,,,,,,Getafe
Marc Cucurella,La-Liga,2021-2022,es ESP,"LM,LB",23-022,23,0,0,0,0,1,0,0,0,24,0,0,0,0.2,0.2,0.1,4,0,15,21,71.4,2,16,2,1,1,,,,,,,,,,,,,,,,,,,,,Getafe
Mathías Olivera,La-Liga,2021-2022,uy URU,"LB,CB",23-286,90,0,0,0,0,0,0,1,0,72,1,0,0,0,0,0.1,4,0,60,67,89.6,7,57,3,2,1,,,,,,,,,,,,,,,,,,,,,Getafe
Mauro Arambarri,La-Liga,2021-2022,uy URU,"CM,RM",25-317,90,0,0,0,0,7,1,0,0,69,0,0,1,0.3,0.3,0,5,0,41,53,77.4,8,53,6,4,3,,,,,,,,,,,,,,,,,,,,,Getafe
Nemanja Maksimovi?,La-Liga,2021-2022,rs SRB,"CM,LM",26-199,90,0,0,0,0,4,1,0,0,62,0,1,0,0.4,0.4,0,7,0,50,57,87.7,8,38,4,1,1,,,,,,,,,,,,,,,,,,,,,Getafe
Sandro Ramírez,La-Liga,2021-2022,es ESP,"FW,AM",26-035,66,0,0,0,0,1,0,0,0,29,0,0,0,0,0,0.2,4,0,20,25,80,2,25,3,0,0,,,,,,,,,,,,,,,,,,,,,Getafe
Stefan Mitrovi?,La-Liga,2021-2022,rs SRB,CB,31-083,45,0,0,0,0,0,0,0,0,31,0,0,0,0,0,0,0,0,23,30,76.7,1,22,0,0,0,,,,,,,,,,,,,,,,,,,,,Getafe
Alberto Perea,La-Liga,2021-2022,es ESP,"LM,LW",30-238,32,0,0,0,0,0,0,0,0,17,0,0,1,0,0,0,1,0,11,14,78.6,2,14,0,3,2,,,,,,,,,,,,,,,,,,,,,Cádiz
Alfonso Espino,La-Liga,2021-2022,uy URU,LB,29-221,90,1,0,0,0,1,1,1,0,43,1,3,0,0.3,0.3,0,0,0,22,37,59.5,3,16,0,0,0,,,,,,,,,,,,,,,,,,,,,Cádiz
Anthony Lozano,La-Liga,2021-2022,hn HON,"LW,FW",28-111,69,0,0,0,0,0,0,0,0,19,1,0,1,0,0,0,0,0,3,7,42.9,0,12,0,5,5,,,,,,,,,,,,,,,,,,,,,Cádiz
Carlos Akapo,La-Liga,2021-2022,gq EQG,RB,28-155,90,0,0,0,0,0,0,0,0,47,2,1,0,0,0,0.1,2,0,34,41,82.9,2,25,1,0,0,,,,,,,,,,,,,,,,,,,,,Cádiz
Fali,La-Liga,2021-2022,es ESP,CB,28-002,90,0,0,0,0,0,0,0,0,49,0,3,0,0,0,0,0,0,36,40,90,4,32,0,0,0,,,,,,,,,,,,,,,,,,,,,Cádiz
Isaac Carcelen,La-Liga,2021-2022,es ESP,CM,28-113,21,0,0,0,0,1,0,0,0,11,0,1,1,0.1,0.1,0,0,0,7,8,87.5,1,6,0,0,0,,,,,,,,,,,,,,,,,,,,,Cádiz
Jens Jønsson,La-Liga,2021-2022,dk DEN,"DM,CM",28-216,69,0,0,0,0,0,0,0,0,23,2,0,0,0,0,0,0,0,15,20,75,0,10,0,0,0,,,,,,,,,,,,,,,,,,,,,Cádiz
Jeremías Ledesma,La-Liga,2021-2022,ar ARG,GK,28-182,90,0,0,0,0,0,0,0,0,40,0,0,0,0,0,0,1,0,20,38,52.6,0,18,0,0,0,3,1,2,66.7,1.1,9,26,34.6,20,2,55,45.2,18,83.3,63.4,13,0,0,0,16.3,Cádiz
Milutin Osmaji?,La-Liga,2021-2022,me MNE,FW,22-020,21,0,0,0,0,1,0,0,0,6,0,0,0,0.1,0.1,0,1,0,3,5,60,0,5,0,0,0,,,,,,,,,,,,,,,,,,,,,Cádiz
Salvi,La-Liga,2021-2022,es ESP,"RW,FW",30-137,90,0,0,0,0,1,0,0,0,16,0,0,1,0.1,0.1,0.1,2,1,2,13,15.4,0,8,0,0,0,,,,,,,,,,,,,,,,,,,,,Cádiz
Tomás Alarcón,La-Liga,2021-2022,cl CHI,"DM,CM",22-207,90,0,0,0,0,1,0,0,0,54,4,2,2,0,0,0,1,0,30,42,71.4,5,29,2,1,1,,,,,,,,,,,,,,,,,,,,,Cádiz
Varazdat Haroyan,La-Liga,2021-2022,am ARM,CB,28-355,80,0,0,0,0,1,1,0,0,33,1,1,0,0,0,0,1,0,28,30,93.3,3,22,1,0,0,,,,,,,,,,,,,,,,,,,,,Cádiz
Víctor Chust,La-Liga,2021-2022,es ESP,CB,21-162,10,0,0,0,0,0,0,0,0,13,1,0,0,0,0,0,0,0,9,10,90,1,7,1,0,0,,,,,,,,,,,,,,,,,,,,,Cádiz
Álex Fernández,La-Liga,2021-2022,es ESP,"AM,RM",28-303,80,0,0,0,0,1,0,0,0,34,1,0,0,0,0,0,1,0,21,32,65.6,6,25,2,3,1,,,,,,,,,,,,,,,,,,,,,Cádiz
Álvaro Jiménez,La-Liga,2021-2022,es ESP,RM,26-087,10,0,0,0,0,0,0,0,0,10,1,0,0,0,0,0,0,0,3,8,37.5,1,8,3,2,2,,,,,,,,,,,,,,,,,,,,,Cádiz
Aitor Fernández,La-Liga,2021-2022,es ESP,GK,30-103,90,0,0,0,0,0,0,0,0,32,0,0,0,0,0,0,1,0,21,29,72.4,0,10,0,0,0,2,1,1,50,1.1,8,15,53.3,18,4,55.6,38.6,11,45.5,44.9,10,0,0,3,21.2,Levante
Carlos Clerc,La-Liga,2021-2022,es ESP,LB,29-174,90,0,0,0,0,0,0,0,0,45,2,5,0,0,0,0,1,1,28,33,84.8,2,22,4,0,0,,,,,,,,,,,,,,,,,,,,,Levante
Dani Gómez,La-Liga,2021-2022,es ESP,FW,23-015,29,0,0,0,0,0,0,0,0,6,0,0,0,0,0,0,0,0,4,4,100,2,4,0,0,0,,,,,,,,,,,,,,,,,,,,,Levante
Enis Bardhi,La-Liga,2021-2022,mk MKD,"LM,FW",26-043,28,0,0,0,0,1,0,0,0,12,0,0,1,0,0,0,0,0,4,5,80,0,5,0,0,0,,,,,,,,,,,,,,,,,,,,,Levante
Gonzalo Melero,La-Liga,2021-2022,es ESP,CM,27-224,62,0,1,0,0,0,0,1,0,45,1,0,1,0,0,0,1,1,40,42,95.2,11,30,1,0,0,,,,,,,,,,,,,,,,,,,,,Levante
Jorge Miramón,La-Liga,2021-2022,es ESP,"RM,FW",32-073,11,0,0,0,0,0,0,0,0,4,0,0,0,0,0,0,0,0,2,4,50,0,2,0,0,0,,,,,,,,,,,,,,,,,,,,,Levante
Jorge de Frutos,La-Liga,2021-2022,es ESP,"RM,LM",24-175,90,0,0,0,0,4,1,0,0,41,2,1,0,0.1,0.1,0,2,0,17,24,70.8,1,23,3,3,2,,,,,,,,,,,,,,,,,,,,,Levante
José Campaña,La-Liga,2021-2022,es ESP,CM,28-075,79,0,0,0,0,1,0,1,0,79,3,2,1,0,0,0.2,6,0,62,70,88.6,16,53,3,3,3,,,,,,,,,,,,,,,,,,,,,Levante
José Luis Morales,La-Liga,2021-2022,es ESP,"LM,FW",34-022,90,1,0,0,0,3,1,1,0,39,1,0,0,0.6,0.6,0,0,0,19,26,73.1,2,22,3,2,0,,,,,,,,,,,,,,,,,,,,,Levante
Mickael Malsa,La-Liga,2021-2022,mq MTQ,CM,25-306,11,0,0,0,0,0,0,0,0,8,1,0,0,0,0,0,1,0,4,7,57.1,1,1,0,0,0,,,,,,,,,,,,,,,,,,,,,Levante
Pablo Martínez,La-Liga,2021-2022,es ESP,CM,23-173,28,0,0,0,0,0,0,0,0,18,0,0,0,0,0,0,0,0,14,15,93.3,0,11,0,1,0,,,,,,,,,,,,,,,,,,,,,Levante
Rober,La-Liga,2021-2022,es ESP,CB,26-179,90,0,0,0,0,0,0,0,0,56,0,0,1,0,0,0,1,0,38,47,80.9,3,30,1,0,0,,,,,,,,,,,,,,,,,,,,,Levante
Roberto Soldado,La-Liga,2021-2022,es ESP,FW,36-079,50,0,0,0,0,2,1,1,0,12,0,0,0,0.1,0.1,0,0,0,6,10,60,1,5,0,0,0,,,,,,,,,,,,,,,,,,,,,Levante
Roger Martí,La-Liga,2021-2022,es ESP,FW,30-223,62,0,0,0,0,1,0,0,0,17,0,0,0,0.1,0.1,0,1,0,6,12,50,2,10,1,1,1,,,,,,,,,,,,,,,,,,,,,Levante
Son,La-Liga,2021-2022,es ESP,RB,27-137,90,0,0,0,0,0,0,0,0,77,1,2,1,0,0,0,1,0,52,71,73.2,3,38,1,2,1,,,,,,,,,,,,,,,,,,,,,Levante
Aleix Febas,La-Liga,2021-2022,es ESP,LM,25-193,19,0,0,0,0,0,0,1,0,11,0,0,0,0,0,0,0,0,5,8,62.5,1,5,1,1,0,,,,,,,,,,,,,,,,,,,,,Mallorca
Aleksandar Sedlar,La-Liga,2021-2022,rs SRB,RM,29-244,1,0,0,0,0,0,0,0,0,4,1,0,0,0,0,0,0,0,2,2,100,0,2,0,0,0,,,,,,,,,,,,,,,,,,,,,Mallorca
Amath,La-Liga,2021-2022,sn SEN,FW,25-029,30,0,0,0,0,0,0,0,0,5,0,0,0,0,0,0,0,0,2,2,100,2,3,0,0,0,,,,,,,,,,,,,,,,,,,,,Mallorca
Antonio Raillo,La-Liga,2021-2022,es ESP,CB,29-310,90,0,0,0,0,1,1,0,0,43,0,0,0,0,0,0,0,0,31,38,81.6,2,28,0,0,0,,,,,,,,,,,,,,,,,,,,,Mallorca
Brian Oliván,La-Liga,2021-2022,es ESP,LB,27-135,90,1,0,0,0,2,1,0,0,39,2,0,0,0.4,0.4,0,2,0,19,32,59.4,3,17,2,0,0,,,,,,,,,,,,,,,,,,,,,Mallorca
Dani Rodríguez,La-Liga,2021-2022,es ESP,"LW,RM",33-069,89,0,1,0,0,0,0,0,0,30,1,1,0,0,0,0.4,1,1,15,25,60,3,17,2,2,1,,,,,,,,,,,,,,,,,,,,,Mallorca
Iddrisu Baba,La-Liga,2021-2022,gh GHA,CM,25-204,90,0,0,0,0,0,0,0,0,47,7,2,0,0,0,0,1,0,25,32,78.1,2,24,0,0,0,,,,,,,,,,,,,,,,,,,,,Mallorca
Iñigo Ruiz de Galarreta,La-Liga,2021-2022,es ESP,LM,28-008,71,0,0,0,0,0,0,0,0,32,1,0,1,0,0,0,3,1,27,28,96.4,2,21,1,0,0,,,,,,,,,,,,,,,,,,,,,Mallorca
Jordi Mboula,La-Liga,2021-2022,es ESP,RW,22-151,71,0,0,0,0,2,0,0,0,23,2,0,0,0.1,0.1,0,1,0,4,11,36.4,0,13,4,2,1,,,,,,,,,,,,,,,,,,,,,Mallorca
Lago Junior,La-Liga,2021-2022,ci CIV,RW,30-226,19,0,0,0,0,0,0,0,0,9,0,0,0,0,0,0,0,0,4,8,50,1,7,1,1,0,,,,,,,,,,,,,,,,,,,,,Mallorca
Manolo Reina,La-Liga,2021-2022,es ESP,GK,36-135,90,0,0,0,0,0,0,0,0,27,0,0,0,0,0,0,0,0,19,25,76,0,10,0,0,0,0,1,0,,0,4,10,40,15,3,46.7,37.8,10,30,28.7,12,0,0,0,2,Mallorca
Martin Valjent,La-Liga,2021-2022,sk SVK,CB,25-246,90,0,0,0,0,0,0,0,0,37,0,0,2,0,0,0,0,0,26,31,83.9,1,20,0,0,0,,,,,,,,,,,,,,,,,,,,,Mallorca
Pablo Maffeo,La-Liga,2021-2022,es ESP,RB,24-033,90,0,0,0,0,0,0,0,0,45,2,3,1,0,0,0,0,0,25,35,71.4,1,20,2,1,1,,,,,,,,,,,,,,,,,,,,,Mallorca
Salva Sevilla,La-Liga,2021-2022,es ESP,RM,37-149,60,0,0,0,0,0,0,0,0,41,1,0,1,0,0,0,0,0,28,36,77.8,4,19,1,0,0,,,,,,,,,,,,,,,,,,,,,Mallorca
Takefusa Kubo,La-Liga,2021-2022,jp JPN,"LW,RM",20-071,30,0,0,0,0,1,0,0,0,9,0,0,0,0,0,0,3,0,3,5,60,1,9,0,1,1,,,,,,,,,,,,,,,,,,,,,Mallorca
Aitor Ruibal,La-Liga,2021-2022,es ESP,LW,25-145,54,0,0,0,0,0,0,0,0,25,0,0,1,0,0,0.1,1,0,14,15,93.3,3,17,1,3,1,,,,,,,,,,,,,,,,,,,,,Betis
Andrés Guardado,La-Liga,2021-2022,mx MEX,DM,34-320,9,0,0,0,0,0,0,0,0,21,0,1,0,0,0,0,1,0,18,18,100,4,15,0,0,0,,,,,,,,,,,,,,,,,,,,,Betis
Borja Iglesias,La-Liga,2021-2022,es ESP,FW,28-209,90,0,0,0,0,1,0,0,0,23,0,0,0,0,0,0,0,0,16,20,80,1,16,0,0,0,,,,,,,,,,,,,,,,,,,,,Betis
Calderón,La-Liga,2021-2022,es ESP,LB,21-219,65,0,0,0,0,0,0,0,0,51,2,0,0,0,0,0.1,1,0,41,45,91.1,2,30,5,0,0,,,,,,,,,,,,,,,,,,,,,Betis
Joaquín,La-Liga,2021-2022,es ESP,AM,40-024,10,0,0,0,0,1,0,0,0,9,0,0,0,0.1,0.1,0,0,0,6,7,85.7,2,8,0,0,0,,,,,,,,,,,,,,,,,,,,,Betis
Juanmi,La-Liga,2021-2022,es ESP,LW,28-086,36,0,0,0,0,0,0,1,0,25,2,0,0,0,0,0,2,0,11,15,73.3,1,18,0,0,0,,,,,,,,,,,,,,,,,,,,,Betis
Martín Montoya,La-Liga,2021-2022,es ESP,RB,30-122,90,0,0,0,0,0,0,0,0,78,3,4,1,0,0,0,2,0,60,69,87,6,43,3,0,0,,,,,,,,,,,,,,,,,,,,,Betis
Nabil Fekir,La-Liga,2021-2022,fr FRA,AM,28-027,80,0,0,0,0,1,0,0,0,49,0,1,0,0,0,0.1,3,0,35,43,81.4,3,40,2,3,1,,,,,,,,,,,,,,,,,,,,,Betis
Paul Akouokou,La-Liga,2021-2022,ci CIV,DM,23-237,81,0,0,0,0,1,0,1,0,67,2,4,1,0,0,0,2,0,52,59,88.1,8,38,2,1,1,,,,,,,,,,,,,,,,,,,,,Betis
Roberto González,La-Liga,2021-2022,es ESP,RW,20-220,36,0,0,0,0,1,0,0,0,20,1,0,1,0.1,0.1,0,1,0,10,13,76.9,0,12,0,3,1,,,,,,,,,,,,,,,,,,,,,Betis
Rodri,La-Liga,2021-2022,es ESP,RW,21-090,54,0,0,0,0,0,0,0,0,26,0,0,0,0,0,0.1,2,0,17,22,77.3,5,23,3,0,0,,,,,,,,,,,,,,,,,,,,,Betis
Rui Silva,La-Liga,2021-2022,pt POR,GK,27-188,90,0,0,0,0,0,0,0,0,32,0,0,0,0,0,0,0,0,28,32,87.5,0,11,0,0,0,2,1,1,50,1.3,3,7,42.9,24,0,25,30,8,12.5,30.3,11,0,0,1,18.7,Betis
Sergio Canales,La-Liga,2021-2022,es ESP,DM,30-179,90,0,0,0,0,3,0,0,0,91,0,0,0,0.2,0.2,0.1,2,0,78,85,91.8,15,68,2,0,0,,,,,,,,,,,,,,,,,,,,,Betis
Víctor Ruiz,La-Liga,2021-2022,es ESP,CB,32-201,90,0,0,0,0,1,0,0,0,71,0,0,0,0.1,0.1,0,0,0,56,67,83.6,6,47,2,1,0,,,,,,,,,,,,,,,,,,,,,Betis
Álex Moreno,La-Liga,2021-2022,es ESP,LB,28-067,25,0,0,0,0,0,0,0,0,13,0,0,0,0,0,0,0,0,9,11,81.8,0,7,0,1,0,,,,,,,,,,,,,,,,,,,,,Betis
Facundo Pellistri,La-Liga,2021-2022,uy URU,RW,19-237,23,0,0,0,0,0,0,0,0,11,0,0,1,0,0,0,1,0,8,8,100,0,8,0,1,1,,,,,,,,,,,,,,,,,,,,,Alavés
Fernando Pacheco,La-Liga,2021-2022,es ESP,GK,29-088,90,0,0,0,0,0,0,0,0,32,0,0,0,0,0,0,0,0,26,29,89.7,0,13,0,0,0,7,4,3,42.9,2,9,11,81.8,16,3,25,31.9,13,53.8,38.3,9,0,0,0,,Alavés
Florian Lejeune,La-Liga,2021-2022,fr FRA,CB,30-086,90,0,0,0,0,0,0,0,0,53,0,1,3,0,0,0,3,0,41,44,93.2,1,32,0,1,0,,,,,,,,,,,,,,,,,,,,,Alavés
Iván Martín,La-Liga,2021-2022,es ESP,LW,22-181,23,0,0,0,0,0,0,0,0,10,0,0,1,0,0,0,0,0,6,9,66.7,1,6,0,0,0,,,,,,,,,,,,,,,,,,,,,Alavés
John Guidetti,La-Liga,2021-2022,se SWE,AM,29-121,32,0,0,0,0,2,1,0,0,15,1,0,0,0.3,0.3,0,1,1,5,8,62.5,1,7,0,0,0,,,,,,,,,,,,,,,,,,,,,Alavés
Joselu,La-Liga,2021-2022,es ESP,FW,31-140,90,1,0,1,1,1,0,0,0,45,1,0,0,0.9,0.1,0,1,0,20,32,62.5,4,18,1,0,0,,,,,,,,,,,,,,,,,,,,,Alavés
Luis Rioja,La-Liga,2021-2022,es ESP,RW,27-302,67,0,0,0,0,3,1,0,0,24,0,0,0,0.2,0.2,0,3,0,13,17,76.5,0,15,3,1,1,,,,,,,,,,,,,,,,,,,,,Alavés
Mamadou Loum,La-Liga,2021-2022,sn SEN,DM,24-227,32,0,0,0,0,1,1,0,0,15,0,0,0,0,0,0,0,0,11,11,100,1,13,2,1,1,,,,,,,,,,,,,,,,,,,,,Alavés
Manu García,La-Liga,2021-2022,es ESP,AM,23-224,58,0,0,0,0,1,0,1,0,46,1,2,0,0,0,0.2,3,0,38,41,92.7,6,33,0,2,1,,,,,,,,,,,,,,,,,,,,,Alavés
Martin Agirregabiria,La-Liga,2021-2022,es ESP,RB,25-096,90,0,0,0,0,0,0,0,0,61,2,0,2,0,0,0.1,2,0,38,55,69.1,1,32,1,0,0,,,,,,,,,,,,,,,,,,,,,Alavés
Pere Pons,La-Liga,2021-2022,es ESP,DM,28-175,58,0,0,0,0,1,0,0,0,25,0,2,0,0.1,0.1,0.1,1,0,17,20,85,0,17,2,1,0,,,,,,,,,,,,,,,,,,,,,Alavés
Rubén Duarte,La-Liga,2021-2022,es ESP,LB,25-300,90,0,0,0,0,0,0,0,0,62,0,2,2,0,0,0,1,0,40,52,76.9,1,27,3,0,0,,,,,,,,,,,,,,,,,,,,,Alavés
Tomás Pina Isla,La-Liga,2021-2022,es ESP,DM,33-304,81,0,0,0,0,0,0,0,0,53,1,1,0,0,0,0,1,0,46,48,95.8,3,30,0,0,0,,,,,,,,,,,,,,,,,,,,,Alavés
Toni Moya,La-Liga,2021-2022,es ESP,DM,23-147,9,0,0,0,0,0,0,0,0,12,0,0,0,0,0,0,0,0,10,12,83.3,1,8,0,0,0,,,,,,,,,,,,,,,,,,,,,Alavés
Víctor Laguardia,La-Liga,2021-2022,es ESP,CB,31-282,90,0,0,0,0,0,0,0,0,42,0,0,0,0,0,0,0,0,33,40,82.5,0,22,0,0,0,,,,,,,,,,,,,,,,,,,,,Alavés
Casemiro,La-Liga,2021-2022,br BRA,CM,29-172,90,0,0,0,0,0,0,0,0,85,3,2,4,0,0,0.2,4,0,61,71,85.9,7,58,2,2,2,,,,,,,,,,,,,,,,,,,,,Real Madrid
David Alaba,La-Liga,2021-2022,at AUT,LB,29-051,90,0,1,0,0,1,0,0,0,81,1,1,2,0,0,0.4,4,1,60,70,85.7,5,57,3,1,0,,,,,,,,,,,,,,,,,,,,,Real Madrid
Eden Hazard,La-Liga,2021-2022,be BEL,LW,30-219,65,0,1,0,0,2,0,0,0,43,0,1,2,0.1,0.1,0.2,4,1,33,37,89.2,5,37,1,2,2,,,,,,,,,,,,,,,,,,,,,Real Madrid
Federico Valverde,La-Liga,2021-2022,uy URU,RM,23-023,87,0,0,0,0,2,0,0,0,59,2,0,2,0,0,0.1,4,1,46,50,92,7,46,3,3,2,,,,,,,,,,,,,,,,,,,,,Real Madrid
Gareth Bale,La-Liga,2021-2022,wls WAL,RW,32-029,67,0,0,0,0,4,1,1,0,22,0,1,1,0.1,0.1,0,0,0,9,15,60,2,14,1,0,0,,,,,,,,,,,,,,,,,,,,,Real Madrid
Isco,La-Liga,2021-2022,es ESP,RM,29-115,3,0,0,0,0,0,0,0,0,3,0,0,0,0,0,0,0,0,3,3,100,1,1,0,0,0,,,,,,,,,,,,,,,,,,,,,Real Madrid
Karim Benzema,La-Liga,2021-2022,fr FRA,FW,33-238,88,2,0,0,0,6,3,0,0,54,0,0,0,0.5,0.5,0,5,1,38,43,88.4,5,40,2,3,2,,,,,,,,,,,,,,,,,,,,,Real Madrid
Lucas Vázquez,La-Liga,2021-2022,es ESP,RB,30-044,90,0,0,0,0,0,0,0,0,77,1,2,1,0,0,0.1,3,1,60,68,88.2,6,63,1,1,1,,,,,,,,,,,,,,,,,,,,,Real Madrid
Luka Jovi?,La-Liga,2021-2022,rs SRB,FW,23-234,2,0,0,0,0,0,0,0,0,1,0,0,0,0,0,0,0,0,0,1,0,0,1,0,0,0,,,,,,,,,,,,,,,,,,,,,Real Madrid
Luka Modri?,La-Liga,2021-2022,hr CRO,LM,35-339,87,0,1,0,0,1,0,0,0,96,2,2,0,0.1,0.1,0.4,5,1,76,85,89.4,19,79,4,4,3,,,,,,,,,,,,,,,,,,,,,Real Madrid
Marco Asensio,La-Liga,2021-2022,es ESP,LM,25-205,3,0,0,0,0,0,0,0,0,1,0,0,0,0,0,0,1,1,1,1,100,1,0,0,0,0,,,,,,,,,,,,,,,,,,,,,Real Madrid
Nacho,La-Liga,2021-2022,es ESP,CB,31-208,90,1,0,0,0,1,1,0,0,71,0,6,2,0.4,0.4,0,0,0,56,59,94.9,3,53,1,0,0,,,,,,,,,,,,,,,,,,,,,Real Madrid
Rodrygo,La-Liga,2021-2022,br BRA,RW,20-217,23,0,0,0,0,0,0,0,0,11,1,0,1,0,0,0,0,0,7,7,100,0,7,0,0,0,,,,,,,,,,,,,,,,,,,,,Real Madrid
Thibaut Courtois,La-Liga,2021-2022,be BEL,GK,29-095,90,0,0,0,0,0,0,1,0,32,0,0,0,0,0,0,0,0,24,31,77.4,0,25,0,0,0,4,1,3,100,1.2,1,6,16.7,27,7,18.5,30.2,4,25,40,13,0,0,3,21.3,Real Madrid
Vinicius Júnior,La-Liga,2021-2022,br BRA,LW,21-033,25,1,0,0,0,2,2,0,0,18,0,0,0,0.5,0.5,0,1,0,13,15,86.7,2,15,2,3,2,,,,,,,,,,,,,,,,,,,,,Real Madrid
Ante Budimir,La-Liga,2021-2022,hr CRO,FW,30-023,71,0,0,0,0,0,0,0,0,24,1,0,1,0,0,0,1,0,5,16,31.3,2,9,1,3,1,,,,,,,,,,,,,,,,,,,,,Osasuna
Darko Brašanac,La-Liga,2021-2022,rs SRB,FW,29-183,90,0,0,0,0,3,0,0,0,52,2,0,0,0.1,0.1,0.2,6,0,35,44,79.5,5,27,3,1,1,,,,,,,,,,,,,,,,,,,,,Osasuna
David García,La-Liga,2021-2022,es ESP,CB,27-181,90,0,0,0,0,0,0,0,0,40,1,1,0,0,0,0,1,0,27,33,81.8,4,24,2,0,0,,,,,,,,,,,,,,,,,,,,,Osasuna
Ezequiel Ávila,La-Liga,2021-2022,ar ARG,FW,27-189,19,0,0,0,0,0,0,0,0,10,0,0,0,0,0,0,1,0,4,6,66.7,1,8,1,1,0,,,,,,,,,,,,,,,,,,,,,Osasuna
Javi Martínez,La-Liga,2021-2022,es ESP,RM,21-235,27,0,0,0,0,1,0,0,0,23,1,0,0,0.2,0.2,0,0,0,13,20,65,1,15,2,0,0,,,,,,,,,,,,,,,,,,,,,Osasuna
Jon Moncayola,La-Liga,2021-2022,es ESP,CM,23-093,62,0,0,0,0,1,0,1,0,32,1,1,0,0,0,0,3,0,21,25,84,1,14,0,0,0,,,,,,,,,,,,,,,,,,,,,Osasuna
Kike Barja,La-Liga,2021-2022,es ESP,RM,24-135,63,0,0,0,0,1,0,1,0,30,1,0,1,0,0,0,2,0,13,24,54.2,1,22,3,7,6,,,,,,,,,,,,,,,,,,,,,Osasuna
Kiké,La-Liga,2021-2022,es ESP,LM,31-262,90,0,0,0,0,2,0,0,0,38,0,1,2,0.3,0.3,0,0,0,18,23,78.3,4,23,0,1,0,,,,,,,,,,,,,,,,,,,,,Osasuna
Lucas Torró,La-Liga,2021-2022,es ESP,CM,27-026,90,0,0,0,0,2,1,0,0,65,2,1,1,0,0,0,3,0,40,51,78.4,6,31,0,0,0,,,,,,,,,,,,,,,,,,,,,Osasuna
Nacho Vidal,La-Liga,2021-2022,es ESP,RB,26-202,90,0,0,0,0,2,0,0,0,72,5,1,1,0.2,0.2,0,1,0,40,55,72.7,1,27,1,1,0,,,,,,,,,,,,,,,,,,,,,Osasuna
Oier Sanjurjo,La-Liga,2021-2022,es ESP,CM,35-081,28,0,0,0,0,0,0,0,0,24,1,0,1,0,0,0,2,0,14,21,66.7,3,10,0,1,0,,,,,,,,,,,,,,,,,,,,,Osasuna
Rubén García,La-Liga,2021-2022,es ESP,LB,28-031,90,0,0,0,0,1,0,0,0,68,3,1,2,0,0,0,3,0,45,58,77.6,12,42,2,2,2,,,,,,,,,,,,,,,,,,,,,Osasuna
Sergio Herrera,La-Liga,2021-2022,es ESP,GK,28-070,90,0,0,0,0,0,0,0,0,38,0,0,0,0,0,0,0,0,21,36,58.3,0,19,0,0,0,3,0,3,100,0.2,13,28,46.4,28,3,75,47.5,8,87.5,61,10,0,0,1,16.3,Osasuna
Adri Embarba,La-Liga,2021-2022,es ESP,RM,29-099,90,0,0,0,0,4,1,0,0,39,1,0,1,0.2,0.2,0,1,0,15,28,53.6,1,23,3,5,2,,,,,,,,,,,,,,,,,,,,,Espanyol
Adrià Pedrosa,La-Liga,2021-2022,es ESP,LB,23-093,90,0,0,0,0,1,0,0,0,62,3,1,1,0.1,0.1,0.1,2,0,28,46,60.9,2,30,4,10,7,,,,,,,,,,,,,,,,,,,,,Espanyol
David López,La-Liga,2021-2022,es ESP,CM,31-309,81,0,0,0,0,0,0,0,0,52,6,2,2,0,0,0,0,0,29,40,72.5,2,18,0,0,0,,,,,,,,,,,,,,,,,,,,,Espanyol
Diego López,La-Liga,2021-2022,es ESP,GK,39-284,90,0,0,0,0,0,0,0,0,39,0,0,0,0,0,0,0,0,25,39,64.1,0,17,0,0,0,1,0,1,100,0,5,17,29.4,25,6,48,39.2,13,38.5,36.8,28,2,7.1,1,13.5,Espanyol
Fran Mérida,La-Liga,2021-2022,es ESP,CM,31-163,61,0,0,0,0,0,0,0,0,48,3,1,1,0,0,0,0,0,25,39,64.1,3,21,1,1,0,,,,,,,,,,,,,,,,,,,,,Espanyol
Gori,La-Liga,2021-2022,es ESP,CM,19-091,9,0,0,0,0,0,0,1,0,8,0,0,2,0,0,0.1,2,0,5,6,83.3,2,4,1,0,0,,,,,,,,,,,,,,,,,,,,,Espanyol
Javi Puado,La-Liga,2021-2022,es ESP,LM,23-081,45,0,0,0,0,1,0,0,0,25,2,0,0,0,0,0,0,0,14,18,77.8,1,15,2,0,0,,,,,,,,,,,,,,,,,,,,,Espanyol
Keidi Bare,La-Liga,2021-2022,al ALB,CM,23-351,29,0,0,0,0,0,0,0,0,19,0,0,1,0,0,0,1,0,10,17,58.8,1,9,0,0,0,,,,,,,,,,,,,,,,,,,,,Espanyol
Landry Dimata,La-Liga,2021-2022,be BEL,FW,23-347,28,0,0,0,0,0,0,0,0,8,0,0,0,0,0,0.2,5,0,5,5,100,1,6,1,1,1,,,,,,,,,,,,,,,,,,,,,Espanyol
Leandro Cabrera,La-Liga,2021-2022,uy URU,CB,30-058,90,0,0,0,0,0,0,0,0,70,2,1,1,0,0,0,0,0,37,55,67.3,1,34,0,0,0,,,,,,,,,,,,,,,,,,,,,Espanyol
Nico Ribaudo,La-Liga,2021-2022,es ESP,LM,20-125,45,0,0,0,0,1,0,1,0,17,0,0,1,0,0,0,0,0,10,13,76.9,1,13,0,2,2,,,,,,,,,,,,,,,,,,,,,Espanyol
Raúl de Tomás,La-Liga,2021-2022,es ESP,FW,26-301,90,0,0,0,0,3,2,0,0,27,0,0,0,0.2,0.2,0,3,0,11,15,73.3,2,15,3,4,2,,,,,,,,,,,,,,,,,,,,,Espanyol
Sergi Gómez,La-Liga,2021-2022,es ESP,CB,29-139,90,0,0,0,0,0,0,1,0,52,1,0,2,0,0,0,0,0,35,42,83.3,1,27,0,0,0,,,,,,,,,,,,,,,,,,,,,Espanyol
Victor Gomez,La-Liga,2021-2022,es ESP,RB,21-135,4,0,0,0,0,0,0,0,0,3,0,0,0,0,0,0,0,0,2,3,66.7,0,1,0,0,0,,,,,,,,,,,,,,,,,,,,,Espanyol
Wu Lei,La-Liga,2021-2022,cn CHN,FW,29-268,62,0,0,0,0,0,0,0,0,13,0,1,0,0,0,0.1,1,0,6,12,50,0,5,1,0,0,,,,,,,,,,,,,,,,,,,,,Espanyol
Augusto Solari,La-Liga,2021-2022,ar ARG,DM,29-224,16,0,0,0,0,0,0,1,0,27,1,1,0,0,0,0,1,0,15,22,68.2,2,19,3,1,1,,,,,,,,,,,,,,,,,,,,,Celta Vigo
Brais Méndez,La-Liga,2021-2022,es ESP,RM,24-220,73,0,0,0,0,1,0,0,0,38,2,1,0,0,0,0,1,0,19,26,73.1,7,16,0,2,1,,,,,,,,,,,,,,,,,,,,,Celta Vigo
Denis Suárez,La-Liga,2021-2022,es ESP,CM,27-221,90,0,0,0,0,0,0,1,0,76,3,1,1,0,0,1,3,0,58,67,86.6,5,48,5,6,4,,,,,,,,,,,,,,,,,,,,,Celta Vigo
Fran Beltrán,La-Liga,2021-2022,es ESP,RM,22-193,17,0,0,0,0,0,0,0,0,17,0,0,1,0,0,0,2,0,16,16,100,4,12,1,1,1,,,,,,,,,,,,,,,,,,,,,Celta Vigo
Franco Cervi,La-Liga,2021-2022,ar ARG,LM,27-081,29,0,0,0,0,1,0,0,0,18,0,0,1,0.2,0.2,0.2,1,0,10,14,71.4,0,10,1,0,0,,,,,,,,,,,,,,,,,,,,,Celta Vigo
Hugo Mallo,La-Liga,2021-2022,es ESP,RB,30-054,89,0,0,0,0,0,0,0,1,72,1,0,3,0,0,0,1,0,43,62,69.4,6,32,0,0,0,,,,,,,,,,,,,,,,,,,,,Celta Vigo
Iago Aspas,La-Liga,2021-2022,es ESP,FW,34-014,90,1,0,1,1,6,1,1,0,42,0,0,1,1.9,1.2,0,5,1,23,29,79.3,3,22,3,1,1,,,,,,,,,,,,,,,,,,,,,Celta Vigo
Javi Galán,La-Liga,2021-2022,es ESP,LB,26-269,88,0,0,0,0,0,0,0,0,71,3,2,2,0,0,0,0,0,45,58,77.6,3,40,1,1,1,,,,,,,,,,,,,,,,,,,,,Celta Vigo
José Fontán,La-Liga,2021-2022,es ESP,CB,21-185,90,0,0,0,0,1,0,1,0,71,2,2,0,0.2,0.2,0,0,0,55,62,88.7,3,43,0,0,0,,,,,,,,,,,,,,,,,,,,,Celta Vigo
Matías Dituro,La-Liga,2021-2022,ar ARG,GK,34-099,90,0,0,0,0,0,0,0,0,33,0,0,0,0,0,0,0,0,29,32,90.6,0,19,0,0,0,4,2,2,50,2.5,6,9,66.7,25,4,28,33,7,28.6,36.9,5,0,0,2,28.7,Celta Vigo
Miguel Baeza,La-Liga,2021-2022,es ESP,LB,21-141,2,0,0,0,0,0,0,0,0,5,0,0,0,0,0,0,0,0,4,5,80,0,3,2,0,0,,,,,,,,,,,,,,,,,,,,,Celta Vigo
Nolito,La-Liga,2021-2022,es ESP,LM,34-304,61,0,0,0,0,0,0,0,0,33,2,2,1,0,0,0,0,0,16,20,80,1,16,0,2,0,,,,,,,,,,,,,,,,,,,,,Celta Vigo
Néstor Araujo,La-Liga,2021-2022,mx MEX,CB,29-351,90,0,0,0,0,0,0,0,0,63,0,0,1,0,0,0,0,0,50,59,84.7,5,32,1,0,0,,,,,,,,,,,,,,,,,,,,,Celta Vigo
Renato Tapia,La-Liga,2021-2022,pe PER,DM,26-018,74,0,0,0,0,0,0,0,0,50,5,1,1,0,0,0,0,0,33,39,84.6,1,28,0,0,0,,,,,,,,,,,,,,,,,,,,,Celta Vigo
Geoffrey Kondogbia,La-Liga,2021-2022,cf CTA,DM,28-181,90,0,0,0,0,0,0,1,0,56,1,2,2,0,0,0,0,0,40,46,87,4,35,0,6,6,,,,,,,,,,,,,,,,,,,,,Atlético Madrid
Jan Oblak,La-Liga,2021-2022,si SVN,GK,28-220,90,0,0,0,0,0,0,0,0,34,0,0,0,0,0,0,0,0,21,31,67.7,0,20,0,0,0,2,1,1,100,1.2,5,15,33.3,26,5,53.8,43.1,5,20,30.8,15,1,6.7,0,10.3,Atlético Madrid
José María Giménez,La-Liga,2021-2022,uy URU,CB,26-207,90,0,0,0,0,2,0,1,0,42,0,1,1,0,0,0,0,0,33,36,91.7,0,20,0,2,2,,,,,,,,,,,,,,,,,,,,,Atlético Madrid
Kieran Trippier,La-Liga,2021-2022,eng ENG,RW,30-330,25,0,0,0,0,0,0,0,0,15,1,0,0,0,0,0,0,0,8,11,72.7,0,5,0,0,0,,,,,,,,,,,,,,,,,,,,,Atlético Madrid
Koke,La-Liga,2021-2022,es ESP,CM,29-219,65,0,0,0,0,0,0,0,0,38,2,0,0,0,0,0,2,1,22,31,71,1,22,1,3,2,,,,,,,,,,,,,,,,,,,,,Atlético Madrid
Luis Suárez,La-Liga,2021-2022,uy URU,FW,34-203,26,0,0,0,0,1,0,0,0,11,0,0,0,0,0,0.3,3,0,7,9,77.8,3,6,0,1,1,,,,,,,,,,,,,,,,,,,,,Atlético Madrid
Marcos Llorente,La-Liga,2021-2022,es ESP,"RW,CM",26-197,81,0,0,0,0,0,0,1,0,62,1,0,1,0,0,0,4,0,35,53,66,2,39,0,4,3,,,,,,,,,,,,,,,,,,,,,Atlético Madrid
Mario Hermoso,La-Liga,2021-2022,es ESP,CB,26-058,89,0,0,0,0,1,0,0,1,57,0,0,1,0,0,0,2,0,40,49,81.6,3,31,0,0,0,,,,,,,,,,,,,,,,,,,,,Atlético Madrid
Renan Lodi,La-Liga,2021-2022,br BRA,LW,23-129,9,0,0,0,0,0,0,0,0,7,1,0,1,0,0,0,0,0,3,5,60,0,3,1,0,0,,,,,,,,,,,,,,,,,,,,,Atlético Madrid
Rodrigo De Paul,La-Liga,2021-2022,ar ARG,CM,27-083,26,0,0,0,0,1,0,0,0,15,0,0,0,0.1,0.1,0,1,0,7,7,100,1,8,0,3,1,,,,,,,,,,,,,,,,,,,,,Atlético Madrid
Saúl Ñíguez,La-Liga,2021-2022,es ESP,"LW,CM",26-267,90,0,1,0,0,1,0,0,0,74,4,0,2,0.1,0.1,0.1,2,1,50,64,78.1,3,30,1,2,1,,,,,,,,,,,,,,,,,,,,,Atlético Madrid
Stefan Savi?,La-Liga,2021-2022,me MNE,CB,30-219,90,0,0,0,0,1,1,0,0,48,1,1,0,0.3,0.3,0,1,0,31,37,83.8,1,27,2,0,0,,,,,,,,,,,,,,,,,,,,,Atlético Madrid
Thomas Lemar,La-Liga,2021-2022,fr FRA,CM,25-276,64,0,1,0,0,1,0,1,0,39,1,0,1,0,0,0.5,3,2,26,30,86.7,2,25,4,1,1,,,,,,,,,,,,,,,,,,,,,Atlético Madrid
Yannick Carrasco,La-Liga,2021-2022,be BEL,FW,27-345,89,0,0,0,0,2,1,1,0,41,0,0,0,0.5,0.5,0.1,5,0,25,33,75.8,2,26,3,6,6,,,,,,,,,,,,,,,,,,,,,Atlético Madrid
Ángel Correa,La-Liga,2021-2022,ar ARG,FW,26-159,64,2,0,0,0,3,2,0,0,35,0,0,0,0.3,0.3,0,1,0,18,26,69.2,3,25,2,1,1,,,,,,,,,,,,,,,,,,,,,Atlético Madrid
Antoine Griezmann,La-Liga,2021-2022,fr FRA,"RW,FW",30-147,90,0,0,0,0,3,0,0,0,57,6,2,3,0.2,0.2,0,1,1,29,33,87.9,4,32,1,3,2,,,,,,,,,,,,,,,,,,,,,Barcelona
Clément Lenglet,La-Liga,2021-2022,fr FRA,CB,26-059,1,0,0,0,0,0,0,0,0,2,0,1,0,0,0,0,1,1,1,1,100,0,1,0,0,0,,,,,,,,,,,,,,,,,,,,,Barcelona
Emerson,La-Liga,2021-2022,br BRA,RB,22-213,20,0,0,0,0,0,0,0,0,14,0,0,0,0,0,0,0,0,10,14,71.4,0,9,0,0,0,,,,,,,,,,,,,,,,,,,,,Barcelona
Eric García,La-Liga,2021-2022,es ESP,CB,20-218,82,0,0,0,0,0,0,0,0,85,2,1,2,0,0,0,1,0,74,77,96.1,6,58,0,0,0,,,,,,,,,,,,,,,,,,,,,Barcelona
Frenkie de Jong,La-Liga,2021-2022,nl NED,RM,24-095,70,0,1,0,0,0,0,0,0,37,2,1,1,0,0,0.7,4,1,32,32,100,6,26,3,2,2,,,,,,,,,,,,,,,,,,,,,Barcelona
Gerard Piqué,La-Liga,2021-2022,es ESP,CB,34-194,90,1,0,0,0,1,1,0,0,84,1,2,0,0.3,0.3,0,1,0,76,77,98.7,4,51,0,0,0,,,,,,,,,,,,,,,,,,,,,Barcelona
Jordi Alba,La-Liga,2021-2022,es ESP,LB,32-147,90,0,0,0,0,1,0,0,0,96,1,4,3,0.6,0.6,0.1,2,1,67,87,77,6,57,1,3,2,,,,,,,,,,,,,,,,,,,,,Barcelona
Martin Braithwaite,La-Liga,2021-2022,dk DEN,"LW,LM",30-071,90,2,1,0,0,4,3,0,0,41,1,1,1,0.4,0.4,1.2,2,0,20,28,71.4,0,25,2,3,2,,,,,,,,,,,,,,,,,,,,,Barcelona
Memphis,La-Liga,2021-2022,nl NED,FW,27-183,89,0,1,0,0,2,2,0,0,56,1,0,1,0.3,0.3,0.5,8,2,31,40,77.5,5,29,0,4,2,,,,,,,,,,,,,,,,,,,,,Barcelona
Neto,La-Liga,2021-2022,br BRA,GK,32-027,90,0,0,0,0,0,0,0,0,51,0,0,0,0,0,0,0,0,35,49,71.4,0,37,0,0,0,3,2,1,33.3,2,6,18,33.3,42,1,40.5,35.7,7,14.3,21.3,8,0,0,1,19.5,Barcelona
Nicolás González,La-Liga,2021-2022,es ESP,CM,19-224,8,0,0,0,0,0,0,1,0,7,0,1,0,0,0,0,0,0,6,6,100,0,6,0,0,0,,,,,,,,,,,,,,,,,,,,,Barcelona
Pedri,La-Liga,2021-2022,es ESP,"LM,CM",18-263,90,0,0,0,0,1,1,0,0,49,3,0,1,0.1,0.1,0,2,1,40,42,95.2,8,37,1,0,0,,,,,,,,,,,,,,,,,,,,,Barcelona
Ronald Araújo,La-Liga,2021-2022,uy URU,CB,22-161,8,0,0,0,0,0,0,0,0,5,0,0,0,0,0,0,0,0,4,5,80,0,3,0,0,0,,,,,,,,,,,,,,,,,,,,,Barcelona
Sergi Roberto,La-Liga,2021-2022,es ESP,RM,29-189,20,1,0,0,0,1,1,0,0,14,0,0,0,0.9,0.9,0.1,1,0,13,13,100,0,8,0,0,0,,,,,,,,,,,,,,,,,,,,,Barcelona
Sergio Busquets,La-Liga,2021-2022,es ESP,CM,33-030,82,0,0,0,0,0,0,1,0,52,1,1,1,0,0,0,0,0,43,48,89.6,6,28,0,0,0,,,,,,,,,,,,,,,,,,,,,Barcelona
Adnan Januzaj,La-Liga,2021-2022,be BEL,RW,26-191,45,0,0,0,0,0,0,0,0,20,1,0,2,0,0,0,2,0,7,10,70,2,10,0,2,0,,,,,,,,,,,,,,,,,,,,,Real Sociedad
Aihen Muñoz,La-Liga,2021-2022,es ESP,LB,23-364,90,0,0,0,0,2,0,1,0,65,4,1,0,0,0,0.1,2,0,34,52,65.4,2,30,2,4,3,,,,,,,,,,,,,,,,,,,,,Real Sociedad
Ander Barrenetxea,La-Liga,2021-2022,es ESP,RW,19-231,45,0,1,0,0,2,0,0,0,18,1,0,1,0.1,0.1,0.4,4,2,9,15,60,1,14,2,3,3,,,,,,,,,,,,,,,,,,,,,Real Sociedad
Andoni Gorosabel,La-Liga,2021-2022,es ESP,RB,25-011,25,0,0,0,0,0,0,0,0,16,3,0,1,0,0,0,0,0,8,11,72.7,1,6,0,1,0,,,,,,,,,,,,,,,,,,,,,Real Sociedad
Aritz Elustondo,La-Liga,2021-2022,es ESP,CB,27-140,80,0,0,0,0,0,0,1,0,30,1,0,1,0,0,0,0,0,22,26,84.6,3,15,0,0,0,,,,,,,,,,,,,,,,,,,,,Real Sociedad
David Silva,La-Liga,2021-2022,es ESP,AM,35-219,45,0,0,0,0,0,0,0,0,21,2,0,0,0,0,0,2,0,14,19,73.7,4,10,0,0,0,,,,,,,,,,,,,,,,,,,,,Real Sociedad
Jon Bautista,La-Liga,2021-2022,es ESP,AM,26-043,45,0,0,0,0,1,0,0,0,15,3,1,1,0.1,0.1,0,2,1,6,7,85.7,1,4,0,1,1,,,,,,,,,,,,,,,,,,,,,Real Sociedad
Jon Pacheco,La-Liga,2021-2022,es ESP,CB,20-219,10,0,0,0,0,0,0,0,0,7,0,1,0,0,0,0,0,0,6,6,100,0,3,0,0,0,,,,,,,,,,,,,,,,,,,,,Real Sociedad
Joseba Zaldúa,La-Liga,2021-2022,es ESP,RB,29-052,65,0,0,0,0,0,0,0,0,30,3,1,0,0,0,0,0,0,16,24,66.7,0,7,0,0,0,,,,,,,,,,,,,,,,,,,,,Real Sociedad
Julen Lobete,La-Liga,2021-2022,es ESP,FW,20-331,25,1,0,0,0,1,1,0,0,10,0,0,1,0.4,0.4,0,0,0,6,6,100,0,6,0,0,0,,,,,,,,,,,,,,,,,,,,,Real Sociedad
Martín Zubimendi,La-Liga,2021-2022,es ESP,DM,22-194,90,0,0,0,0,0,0,1,0,40,2,0,1,0,0,0,1,0,33,36,91.7,3,20,0,0,0,,,,,,,,,,,,,,,,,,,,,Real Sociedad
Mikel Merino,La-Liga,2021-2022,es ESP,DM,25-054,90,0,0,0,0,1,1,0,0,51,1,1,1,0,0,0.1,3,0,33,43,76.7,2,34,0,1,1,,,,,,,,,,,,,,,,,,,,,Real Sociedad
Mikel Oyarzabal,La-Liga,2021-2022,es ESP,LW,24-116,90,1,0,0,0,3,1,0,0,39,1,0,1,0.2,0.2,0,4,0,20,29,69,2,23,2,2,2,,,,,,,,,,,,,,,,,,,,,Real Sociedad
Portu,La-Liga,2021-2022,es ESP,FW,29-086,65,0,0,0,0,1,0,0,0,17,0,0,0,0,0,0,0,0,7,10,70,0,5,0,1,1,,,,,,,,,,,,,,,,,,,,,Real Sociedad
Robin Le Normand,La-Liga,2021-2022,es ESP,CB,24-277,90,0,0,0,0,0,0,1,0,55,0,0,1,0,0,0,0,0,38,47,80.9,3,29,0,0,0,,,,,,,,,,,,,,,,,,,,,Real Sociedad
Diego Carlos,La-Liga,2021-2022,br BRA,CB,28-153,90,0,0,0,0,0,0,0,0,122,1,0,1,0,0,0,1,1,108,113,95.6,4,101,0,0,0,,,,,,,,,,,,,,,,,,,,,Sevilla
Fernando,La-Liga,2021-2022,br BRA,"CM,DM",34-021,88,0,0,0,0,2,0,0,0,79,1,2,1,0.1,0.1,0,3,1,64,70,91.4,3,62,2,2,1,,,,,,,,,,,,,,,,,,,,,Sevilla
Iván Romero,La-Liga,2021-2022,es ESP,DM,20-127,2,0,0,0,0,2,1,0,0,2,0,0,0,0.7,0.7,0,0,0,0,0,,0,3,1,0,0,,,,,,,,,,,,,,,,,,,,,Sevilla
Jesús Navas,La-Liga,2021-2022,es ESP,"WB,RB",35-267,90,0,0,0,0,0,0,0,0,71,0,0,0,0,0,0.4,5,0,54,68,79.4,11,56,3,0,0,,,,,,,,,,,,,,,,,,,,,Sevilla
Joan Jordán,La-Liga,2021-2022,es ESP,CM,27-040,83,0,0,0,0,0,0,0,0,78,1,2,0,0,0,0,2,0,68,74,91.9,5,61,1,2,1,,,,,,,,,,,,,,,,,,,,,Sevilla
Jules Koundé,La-Liga,2021-2022,fr FRA,CB,22-276,90,0,0,0,0,1,0,0,0,114,0,1,1,0,0,0,2,0,105,108,97.2,11,98,4,2,1,,,,,,,,,,,,,,,,,,,,,Sevilla
Karim Rekik,La-Liga,2021-2022,nl NED,CB,26-256,51,0,0,0,0,0,0,0,0,62,0,0,1,0,0,0,0,0,55,58,94.8,4,52,0,0,0,,,,,,,,,,,,,,,,,,,,,Sevilla
Marcos Acuña,La-Liga,2021-2022,ar ARG,"WB,LB",29-291,90,0,0,0,0,2,1,0,0,103,2,0,0,0.5,0.5,0.2,7,0,84,93,90.3,3,78,1,0,0,,,,,,,,,,,,,,,,,,,,,Sevilla
Marko Dmitrovi?,La-Liga,2021-2022,rs SRB,GK,29-203,90,0,0,0,0,0,0,0,0,31,0,0,0,0,0,0,0,0,25,28,89.3,0,23,0,0,0,3,0,3,100,0.6,0,3,0,26,6,11.5,20.3,2,0,19,4,1,25,4,19.5,Sevilla
Nemanja Gudelj,La-Liga,2021-2022,rs SRB,FW,29-272,2,0,0,0,0,1,1,0,0,5,0,0,0,0,0,0,0,0,4,4,100,0,5,0,0,0,,,,,,,,,,,,,,,,,,,,,Sevilla
Oussama Idrissi,La-Liga,2021-2022,ma MAR,AM,25-170,45,0,0,0,0,0,0,1,0,20,1,0,0,0,0,0.1,3,1,14,15,93.3,1,17,1,2,1,,,,,,,,,,,,,,,,,,,,,Sevilla
Papu Gómez,La-Liga,2021-2022,ar ARG,CM,33-181,39,0,0,0,0,2,0,0,0,39,0,0,0,0,0,0,3,1,36,36,100,1,34,5,1,1,,,,,,,,,,,,,,,,,,,,,Sevilla
Pedro Ortiz,La-Liga,2021-2022,es ESP,CM,20-361,7,0,0,0,0,1,1,0,0,16,0,0,0,0.3,0.3,0.5,2,0,14,14,100,5,14,0,0,0,,,,,,,,,,,,,,,,,,,,,Sevilla
Youssef En-Nesyri,La-Liga,2021-2022,ma MAR,FW,24-075,88,1,1,1,1,4,1,0,0,17,0,0,0,1.1,0.3,0.7,1,1,9,10,90,1,11,1,0,0,,,,,,,,,,,,,,,,,,,,,Sevilla
Érik Lamela,La-Liga,2021-2022,ar ARG,"RM,AM",29-164,45,2,0,0,0,2,2,0,0,41,2,0,0,0.8,0.8,0.3,6,0,30,36,83.3,4,31,1,0,0,,,,,,,,,,,,,,,,,,,,,Sevilla
Andrés Martín,La-Liga,2021-2022,es ESP,CM,22-035,20,0,0,0,0,1,1,0,0,7,0,0,0,0.3,0.3,0,0,0,2,3,66.7,0,5,0,2,1,,,,,,,,,,,,,,,,,,,,,Rayo Vallecano
Bebé,La-Liga,2021-2022,cv CPV,FW,31-034,20,0,0,0,0,0,0,0,0,7,0,0,0,0,0,0,0,0,4,6,66.7,0,2,0,1,1,,,,,,,,,,,,,,,,,,,,,Rayo Vallecano
Catena,La-Liga,2021-2022,es ESP,CB,26-291,90,0,0,0,0,0,0,0,0,35,2,2,0,0,0,0,0,0,23,27,85.2,1,18,0,0,0,,,,,,,,,,,,,,,,,,,,,Rayo Vallecano
Fran Garcia,La-Liga,2021-2022,es ESP,LB,22-001,90,0,0,0,0,1,0,0,0,48,0,2,0,0,0,0,1,0,34,42,81,0,17,1,2,1,,,,,,,,,,,,,,,,,,,,,Rayo Vallecano
Isaac Palazón Camacho,La-Liga,2021-2022,es ESP,RW,26-231,60,0,0,0,0,0,0,0,0,19,0,1,0,0,0,0,0,0,6,13,46.2,0,7,1,0,0,,,,,,,,,,,,,,,,,,,,,Rayo Vallecano
Iván Balliu,La-Liga,2021-2022,al ALB,RB,29-226,90,0,0,0,0,0,0,0,0,30,1,1,0,0,0,0,1,0,21,26,80.8,3,12,0,0,0,,,,,,,,,,,,,,,,,,,,,Rayo Vallecano
Luca Zidane,La-Liga,2021-2022,fr FRA,GK,23-094,15,0,0,0,0,0,0,0,1,4,0,0,0,0,0,0,0,0,4,4,100,0,4,0,0,0,,,,,0,,,,,2,,,,,,2,,,,,Rayo Vallecano
Mario Suárez,La-Liga,2021-2022,es ESP,CB,34-172,90,0,0,0,0,0,0,0,0,29,0,0,1,0,0,0,0,0,19,27,70.4,1,15,0,0,0,,,,,,,,,,,,,,,,,,,,,Rayo Vallecano
Martín Merquelanz,La-Liga,2021-2022,es ESP,"RM,RW",26-064,30,0,0,0,0,0,0,0,0,16,1,0,0,0,0,0.3,1,0,12,14,85.7,2,11,0,3,2,,,,,,,,,,,,,,,,,,,,,Rayo Vallecano
Pathé Ciss,La-Liga,2021-2022,sn SEN,"CM,DM",27-152,30,0,0,0,0,1,1,0,0,14,0,2,1,0,0,0,1,0,7,9,77.8,2,7,1,1,1,,,,,,,,,,,,,,,,,,,,,Rayo Vallecano
Randy Nteka,La-Liga,2021-2022,ao ANG,"AM,FW",23-252,70,0,0,0,0,0,0,0,0,23,0,0,0,0,0,0,1,0,7,18,38.9,0,12,0,1,0,,,,,,,,,,,,,,,,,,,,,Rayo Vallecano
Santi Comesaña,La-Liga,2021-2022,es ESP,DM,24-314,60,0,0,0,0,0,0,0,0,30,4,0,1,0,0,0,1,0,17,23,73.9,1,11,0,0,0,,,,,,,,,,,,,,,,,,,,,Rayo Vallecano
Stole Dimitrievski,La-Liga,2021-2022,mk MKD,GK,27-233,72,0,0,0,0,0,0,0,0,29,0,0,0,0,0,0,0,0,13,26,50,0,14,0,0,0,8,3,5,75,3.5,8,21,38.1,17,5,70.6,50.3,9,100,64.6,11,1,9.1,2,18.3,Rayo Vallecano
Álvaro García,La-Liga,2021-2022,es ESP,"LW,LM",28-292,90,0,0,0,0,1,1,0,0,25,1,3,0,0,0,0,0,0,7,13,53.8,1,14,2,1,0,,,,,,,,,,,,,,,,,,,,,Rayo Vallecano
Óscar Trejo,La-Liga,2021-2022,ar ARG,AM,33-111,18,0,0,0,0,0,0,0,0,6,0,0,0,0,0,0,1,0,4,5,80,1,3,0,0,0,,,,,,,,,,,,,,,,,,,,,Rayo Vallecano
Alberto Moreno,La-Liga,2021-2022,es ESP,LM,29-042,71,0,0,0,0,1,1,0,0,58,1,0,1,0,0,0,3,0,39,51,76.5,3,32,2,2,1,,,,,,,,,,,,,,,,,,,,,Villarreal
Alfonso Pedraza,La-Liga,2021-2022,es ESP,LB,25-129,77,0,0,0,0,1,0,0,0,53,4,1,0,0.2,0.2,0,2,0,41,49,83.7,0,27,3,2,2,,,,,,,,,,,,,,,,,,,,,Villarreal
Aïssa Mandi,La-Liga,2021-2022,dz ALG,CB,29-298,90,0,0,0,0,2,0,0,0,67,0,0,0,0.1,0.1,0,0,0,61,63,96.8,6,46,0,0,0,,,,,,,,,,,,,,,,,,,,,Villarreal
Boulaye Dia,La-Liga,2021-2022,sn SEN,FW,24-273,90,0,0,0,0,2,0,0,0,31,0,0,1,0.1,0.1,0.1,5,0,18,27,66.7,1,19,3,2,2,,,,,,,,,,,,,,,,,,,,,Villarreal
Dani Raba,La-Liga,2021-2022,es ESP,RM,25-291,19,0,0,0,0,0,0,0,0,15,1,0,0,0,0,0.3,1,0,5,11,45.5,1,8,1,1,0,,,,,,,,,,,,,,,,,,,,,Villarreal
Francis Coquelin,La-Liga,2021-2022,fr FRA,CM,30-095,13,0,0,0,0,0,0,0,0,11,0,1,1,0,0,0,0,0,6,7,85.7,0,4,0,0,0,,,,,,,,,,,,,,,,,,,,,Villarreal
Gerard Moreno,La-Liga,2021-2022,es ESP,FW,29-131,90,0,0,0,0,4,1,1,0,40,0,0,0,0.5,0.5,0.1,2,0,18,30,60,6,27,3,2,2,,,,,,,,,,,,,,,,,,,,,Villarreal
Gerónimo Rulli,La-Liga,2021-2022,ar ARG,GK,29-088,90,0,0,0,0,0,0,0,0,31,0,0,0,0,0,0,0,0,23,29,79.3,0,17,0,0,0,1,0,1,100,0.1,3,9,33.3,23,2,26.1,31.8,6,50,41.2,11,0,0,0,10,Villarreal
Juan Foyth,La-Liga,2021-2022,ar ARG,"RB,CM",23-216,81,0,0,0,0,0,0,2,1,54,2,0,0,0,0,0,3,0,49,51,96.1,5,33,3,3,2,,,,,,,,,,,,,,,,,,,,,Villarreal
Manu Trigueros,La-Liga,2021-2022,es ESP,CM,29-303,77,0,0,0,0,2,0,0,0,58,1,0,0,0.1,0.1,0.3,5,0,44,52,84.6,6,28,0,1,0,,,,,,,,,,,,,,,,,,,,,Villarreal
Moi Gómez,La-Liga,2021-2022,es ESP,LM,27-054,19,0,0,0,0,0,0,0,0,12,1,1,0,0,0,0,1,0,5,8,62.5,1,6,1,0,0,,,,,,,,,,,,,,,,,,,,,Villarreal
Pervis Estupiñán,La-Liga,2021-2022,ec ECU,LB,23-207,13,0,0,0,0,0,0,0,0,20,2,2,0,0,0,0,0,0,10,14,71.4,0,6,1,0,0,,,,,,,,,,,,,,,,,,,,,Villarreal
Raúl Albiol,La-Liga,2021-2022,es ESP,CB,35-346,90,0,0,0,0,0,0,0,0,53,4,0,0,0,0,0,1,0,36,47,76.6,1,26,1,0,0,,,,,,,,,,,,,,,,,,,,,Villarreal
Rubén Peña,La-Liga,2021-2022,es ESP,"RB,CM",30-029,19,0,0,0,0,0,0,1,0,10,0,1,0,0,0,0,2,0,7,8,87.5,1,5,0,0,0,,,,,,,,,,,,,,,,,,,,,Villarreal
Yeremi Pino,La-Liga,2021-2022,es ESP,RM,18-300,71,0,0,0,0,2,1,0,0,30,1,0,3,0.1,0.1,0,0,0,13,22,59.1,1,14,1,2,1,,,,,,,,,,,,,,,,,,,,,Villarreal
Aarón Escandell,La-Liga,2021-2022,es ESP,GK,25-323,90,0,0,0,0,0,0,0,0,40,0,0,0,0,0,0,0,0,25,40,62.5,0,17,0,0,0,3,0,3,100,0.3,13,27,48.1,30,4,60,42.1,10,90,52.3,14,3,21.4,4,17,Granada
Alberto Soro,La-Liga,2021-2022,es ESP,RW,22-160,5,0,0,0,0,0,0,0,0,5,2,0,0,0,0,0,0,0,2,3,66.7,0,1,0,0,0,,,,,,,,,,,,,,,,,,,,,Granada
Antonio Puertas,La-Liga,2021-2022,es ESP,RW,29-176,85,0,0,0,0,0,0,0,0,37,1,1,1,0,0,0,0,0,14,25,56,0,19,0,1,0,,,,,,,,,,,,,,,,,,,,,Granada
Carlos Bacca,La-Liga,2021-2022,co COL,FW,34-342,45,0,0,0,0,1,0,0,0,16,1,0,0,0,0,0,0,0,9,11,81.8,1,6,0,2,0,,,,,,,,,,,,,,,,,,,,,Granada
Carlos Neva,La-Liga,2021-2022,es ESP,LB,25-065,90,0,0,0,0,0,0,0,0,42,1,3,1,0,0,0,0,0,23,30,76.7,0,19,2,2,0,,,,,,,,,,,,,,,,,,,,,Granada
Darwin Machís,La-Liga,2021-2022,ve VEN,LW,28-190,79,0,0,0,0,1,0,0,0,23,1,5,0,0,0,0,1,0,3,11,27.3,0,9,1,1,0,,,,,,,,,,,,,,,,,,,,,Granada
Dimitri Foulquier,La-Liga,2021-2022,fr FRA,RB,28-146,90,0,0,0,0,0,0,0,0,35,0,0,1,0,0,0,0,0,23,29,79.3,3,15,2,0,0,,,,,,,,,,,,,,,,,,,,,Granada
Domingos Duarte,La-Liga,2021-2022,pt POR,CB,26-159,90,0,0,0,0,0,0,0,0,43,0,4,2,0,0,0,0,0,24,36,66.7,3,16,0,0,0,,,,,,,,,,,,,,,,,,,,,Granada
Germán Sánchez,La-Liga,2021-2022,es ESP,CB,34-247,85,0,0,0,0,0,0,1,0,40,2,2,3,0,0,0,0,0,24,29,82.8,0,9,0,0,0,,,,,,,,,,,,,,,,,,,,,Granada
Jorge Molina,La-Liga,2021-2022,es ESP,LW,39-116,11,0,0,0,0,1,1,0,0,9,0,0,0,0.1,0.1,0,0,0,4,5,80,2,6,0,1,0,,,,,,,,,,,,,,,,,,,,,Granada
Luis Javier Suárez,La-Liga,2021-2022,co COL,FW,23-257,45,0,0,0,0,1,0,0,0,7,0,0,0,0.1,0.1,0,1,0,4,5,80,1,3,0,0,0,,,,,,,,,,,,,,,,,,,,,Granada
Luis Milla,La-Liga,2021-2022,es ESP,LM,26-313,61,0,0,0,0,0,0,0,0,22,1,1,1,0,0,0.1,1,0,14,17,82.4,3,17,2,2,2,,,,,,,,,,,,,,,,,,,,,Granada
Maxime Gonalons,La-Liga,2021-2022,fr FRA,CM,32-159,90,0,0,0,0,0,0,0,0,51,4,1,0,0,0,0,1,0,40,44,90.9,2,20,1,3,3,,,,,,,,,,,,,,,,,,,,,Granada
Monchu,La-Liga,2021-2022,es ESP,RM,21-337,90,0,0,0,0,1,0,0,0,48,3,2,1,0,0,0,3,0,26,35,74.3,5,21,1,3,2,,,,,,,,,,,,,,,,,,,,,Granada
Víctor Díaz,La-Liga,2021-2022,es ESP,CB,33-065,5,0,0,0,0,1,0,0,0,8,0,0,0,0,0,0,0,0,6,6,100,0,3,0,0,0,,,,,,,,,,,,,,,,,,,,,Granada
Diego González,La-Liga,2021-2022,es ESP,CB,26-200,29,0,0,0,0,0,0,0,0,16,2,0,0,0,0,0,0,0,8,11,72.7,0,2,0,0,0,,,,,,,,,,,,,,,,,,,,,Elche
Enzo Roco,La-Liga,2021-2022,cl CHI,CB,29-000,61,0,0,0,0,0,0,0,0,32,0,2,1,0,0,0,1,0,21,26,80.8,1,14,0,0,0,,,,,,,,,,,,,,,,,,,,,Elche
Fidel,La-Liga,2021-2022,es ESP,CM,31-293,90,0,0,0,0,1,0,0,0,61,0,0,1,0,0,0,7,0,41,50,82,10,32,3,2,2,,,,,,,,,,,,,,,,,,,,,Elche
Gonzalo Verdú,La-Liga,2021-2022,es ESP,CB,32-299,90,0,0,0,0,1,0,1,0,44,0,1,1,0,0,0,0,0,31,34,91.2,1,23,0,0,0,,,,,,,,,,,,,,,,,,,,,Elche
Guido Carrillo,La-Liga,2021-2022,ar ARG,FW,30-083,20,0,0,0,0,0,0,0,0,4,0,0,0,0,0,0,0,0,2,3,66.7,0,2,0,1,1,,,,,,,,,,,,,,,,,,,,,Elche
Helibelton Palacios,La-Liga,2021-2022,co COL,WB,28-066,9,0,0,0,0,0,0,0,0,8,0,0,0,0,0,0,0,0,6,7,85.7,1,4,0,1,1,,,,,,,,,,,,,,,,,,,,,Elche
Iván Marcone,La-Liga,2021-2022,ar ARG,CM,31-074,90,0,0,0,0,0,0,0,0,47,2,0,1,0,0,0,0,0,31,37,83.8,5,26,0,1,1,,,,,,,,,,,,,,,,,,,,,Elche
Johan Mojica,La-Liga,2021-2022,co COL,WB,28-360,90,0,0,0,0,1,0,0,0,86,1,3,1,0,0,0.9,1,0,55,76,72.4,2,47,3,2,2,,,,,,,,,,,,,,,,,,,,,Elche
Josan,La-Liga,2021-2022,es ESP,WB,31-256,81,0,0,0,0,0,0,0,0,47,1,0,0,0,0,0,1,0,33,41,80.5,1,30,1,1,0,,,,,,,,,,,,,,,,,,,,,Elche
Kiko Casilla,La-Liga,2021-2022,es ESP,GK,34-318,90,0,0,0,0,0,0,0,0,37,0,0,0,0,0,0,0,0,22,36,61.1,0,20,0,0,0,3,0,3,100,0.4,7,18,38.9,27,9,44.4,36.9,9,66.7,51,20,1,5,0,5.3,Elche
Lucas Boyé,La-Liga,2021-2022,ar ARG,FW,25-169,90,0,0,0,0,2,0,0,0,37,0,0,0,0.1,0.1,0,2,0,14,20,70,2,24,2,2,2,,,,,,,,,,,,,,,,,,,,,Elche
Pedro Bigas,La-Liga,2021-2022,es ESP,CB,30-335,90,0,0,0,0,1,1,0,0,55,0,1,0,0,0,0,1,0,36,42,85.7,5,22,1,0,0,,,,,,,,,,,,,,,,,,,,,Elche
Pere Milla,La-Liga,2021-2022,es ESP,FW,28-327,70,0,0,0,0,1,0,0,0,14,0,0,0,0.9,0.9,0,0,0,4,9,44.4,1,8,0,1,0,,,,,,,,,,,,,,,,,,,,,Elche
Raúl Guti,La-Liga,2021-2022,es ESP,CM,24-229,81,0,0,0,0,0,0,1,0,33,0,1,0,0,0,0,1,0,24,29,82.8,3,23,0,0,0,,,,,,,,,,,,,,,,,,,,,Elche
Asier Villalibre,La-Liga,2021-2022,es ESP,FW,23-320,16,0,0,0,0,0,0,0,0,5,0,0,0,0,0,0,0,0,1,3,33.3,0,3,0,0,0,,,,,,,,,,,,,,,,,,,,,Athletic Club
Dani García,La-Liga,2021-2022,es ESP,CM,31-084,75,0,0,0,0,1,0,1,0,39,2,2,2,0.1,0.1,0,0,0,25,32,78.1,1,11,1,0,0,,,,,,,,,,,,,,,,,,,,,Athletic Club
Daniel Vivian,La-Liga,2021-2022,es ESP,CB,22-032,90,0,0,0,0,0,0,0,0,42,2,0,0,0,0,0,0,0,30,34,88.2,1,20,0,0,0,,,,,,,,,,,,,,,,,,,,,Athletic Club
Iker Muniain,La-Liga,2021-2022,es ESP,LM,28-240,81,0,0,0,0,0,0,0,0,44,1,0,1,0,0,0,3,0,30,39,76.9,9,28,2,3,3,,,,,,,,,,,,,,,,,,,,,Athletic Club
Iñaki Williams,La-Liga,2021-2022,gh GHA,FW,27-062,90,0,0,0,0,2,0,0,0,19,0,0,1,0.1,0.1,0,2,0,4,9,44.4,0,7,0,2,1,,,,,,,,,,,,,,,,,,,,,Athletic Club
Iñigo Lekue,La-Liga,2021-2022,es ESP,RB,28-104,38,0,0,0,0,0,0,0,0,25,0,1,1,0,0,0.4,2,0,13,19,68.4,2,11,1,1,0,,,,,,,,,,,,,,,,,,,,,Athletic Club
Iñigo Martínez,La-Liga,2021-2022,es ESP,CB,30-091,90,0,0,0,0,0,0,0,0,61,0,1,1,0,0,0,1,0,44,53,83,3,35,2,0,0,,,,,,,,,,,,,,,,,,,,,Athletic Club
Julen Agirrezabala,La-Liga,2021-2022,es ESP,GK,20-233,90,0,0,0,0,0,0,0,0,23,0,0,0,0,0,0,0,0,17,21,81,0,7,0,0,0,2,0,2,100,0.2,2,5,40,14,5,14.3,30.4,7,42.9,30.7,18,0,0,2,28,Athletic Club
Mikel Balenziaga,La-Liga,2021-2022,es ESP,LB,33-168,90,0,0,0,0,2,1,0,0,56,1,0,1,0,0,0,2,0,40,49,81.6,6,32,5,4,3,,,,,,,,,,,,,,,,,,,,,Athletic Club
Mikel Vesga,La-Liga,2021-2022,es ESP,CM,28-087,15,0,0,0,0,0,0,0,0,13,0,0,0,0,0,0,1,0,6,12,50,2,7,2,1,1,,,,,,,,,,,,,,,,,,,,,Athletic Club
Nico Williams,La-Liga,2021-2022,es ESP,RM,19-035,9,0,0,0,0,0,0,0,0,5,0,0,0,0,0,0,0,0,4,4,100,0,2,0,1,0,,,,,,,,,,,,,,,,,,,,,Athletic Club
Oier Zarraga,La-Liga,2021-2022,es ESP,CM,22-224,9,0,0,0,0,1,1,0,0,7,0,0,0,0,0,0,0,0,4,6,66.7,1,7,2,0,0,,,,,,,,,,,,,,,,,,,,,Athletic Club
Oihan Sancet,La-Liga,2021-2022,es ESP,FW,21-113,74,0,0,0,0,0,0,0,0,29,1,0,0,0,0,0.1,1,0,17,20,85,5,11,0,0,0,,,,,,,,,,,,,,,,,,,,,Athletic Club
Unai Vencedor Paris,La-Liga,2021-2022,es ESP,CM,20-274,81,0,0,0,0,0,0,0,0,44,0,0,2,0,0,0,1,0,30,39,76.9,3,24,0,2,2,,,,,,,,,,,,,,,,,,,,,Athletic Club
Álex Berenguer,La-Liga,2021-2022,es ESP,"RM,LM",26-043,90,0,0,0,0,2,0,0,0,62,2,2,5,0.4,0.4,0.1,1,0,26,42,61.9,8,26,1,6,4,,,,,,,,,,,,,,,,,,,,,Athletic Club
Javi López,La-Liga,2021-2022,es ESP,LB,19-149,15,0,0,0,0,0,0,0,0,8,2,0,1,0,0,0,0,0,2,4,50,0,4,0,0,0,,,,,,,,,,,,,,,,,,,,,Betis
Ximo Navarro,La-Liga,2021-2022,es ESP,RB,31-210,90,0,0,0,0,2,0,0,0,44,3,1,0,0.1,0.1,0,1,0,19,28,67.9,1,22,0,1,1,,,,,,,,,,,,,,,,,,,,,Betis
Abdón Prats,La-Liga,2021-2022,es ESP,FW,28-257,63,0,0,0,0,1,0,0,0,18,0,0,1,0.2,0.2,0,2,0,7,10,70,1,9,0,0,0,,,,,,,,,,,,,,,,,,,,,Cádiz
Fernando Niño,La-Liga,2021-2022,es ESP,FW,20-301,27,1,0,0,0,1,1,0,0,8,0,0,0,0.2,0.2,0,0,0,1,4,25,0,5,0,0,0,,,,,,,,,,,,,,,,,,,,,Cádiz
Franco Russo,La-Liga,2021-2022,ar ARG,CB,26-300,90,0,0,0,0,0,0,0,0,41,0,0,0,0,0,0,0,0,31,37,83.8,3,29,1,0,0,,,,,,,,,,,,,,,,,,,,,Cádiz
Rodrigo Battaglia,La-Liga,2021-2022,ar ARG,DM,30-040,27,0,0,0,0,0,0,0,0,23,0,1,0,0,0,0,0,0,14,17,82.4,1,10,1,0,0,,,,,,,,,,,,,,,,,,,,,Cádiz
Dídac Vilà,La-Liga,2021-2022,es ESP,LB,32-073,45,0,0,0,0,0,0,0,0,16,1,1,0,0,0,0,1,0,10,12,83.3,1,8,0,0,0,,,,,,,,,,,,,,,,,,,,,Alavés
Manu Morlanes,La-Liga,2021-2022,es ESP,CM,22-221,6,0,0,0,0,0,0,0,0,6,1,0,0,0,0,0,1,0,3,3,100,1,1,0,1,1,,,,,,,,,,,,,,,,,,,,,Alavés
Sergi Darder,La-Liga,2021-2022,es ESP,CM,27-242,84,0,0,0,0,0,0,0,0,38,3,2,0,0,0,0,4,0,26,33,78.8,2,25,2,2,2,,,,,,,,,,,,,,,,,,,,,Alavés
Arnaut Danjuma,La-Liga,2021-2022,nl NED,RM,24-202,5,0,0,0,0,0,0,0,0,5,1,0,0,0,0,0,0,0,1,3,33.3,0,1,1,1,1,,,,,,,,,,,,,,,,,,,,,Mallorca
Luis Abram,La-Liga,2021-2022,pe PER,CB,25-175,45,0,0,0,0,0,0,0,0,19,1,1,1,0,0,0,0,0,4,10,40,1,4,0,0,0,,,,,,,,,,,,,,,,,,,,,Espanyol
Manu Vallejo,La-Liga,2021-2022,es ESP,FW,24-188,12,0,0,0,0,0,0,0,0,2,1,0,0,0,0,0,0,0,1,1,100,0,1,0,0,0,,,,,,,,,,,,,,,,,,,,,Villarreal
Jon Morcillo,La-Liga,2021-2022,es ESP,LM,22-340,9,0,0,0,0,0,0,0,0,3,0,0,0,0,0,0,0,0,0,1,0,0,3,0,0,0,,,,,,,,,,,,,,,,,,,,,Granada
Raúl García,La-Liga,2021-2022,es ESP,FW,35-041,24,0,0,0,0,0,0,0,0,8,0,0,0,0,0,0,0,0,3,6,50,1,3,0,0,0,,,,,,,,,,,,,,,,,,,,,Granada
Sergiño Dest,La-Liga,2021-2022,us USA,RB,20-291,81,0,0,0,0,1,1,0,0,60,2,0,0,0.1,0.1,0,2,0,41,47,87.2,3,39,5,5,3,,,,,,,,,,,,,,,,,,,,,Valencia
Alexander Isak,La-Liga,2021-2022,se SWE,FW,21-335,87,0,0,0,0,2,2,1,0,19,0,0,2,0.4,0.4,0,4,0,7,10,70,1,17,1,3,0,,,,,,,,,,,,,,,,,,,,,Athletic Club
Ander Guevara,La-Liga,2021-2022,es ESP,CM,24-046,3,0,0,0,0,0,0,0,0,2,0,1,0,0,0,0,0,0,1,1,100,1,1,0,0,0,,,,,,,,,,,,,,,,,,,,,Athletic Club
Jon Guridi,La-Liga,2021-2022,es ESP,CM,26-175,10,0,0,0,0,0,0,0,0,3,0,0,0,0,0,0,0,0,2,3,66.7,0,3,0,0,0,,,,,,,,,,,,,,,,,,,,,Athletic Club
Esteban Saveljich,La-Liga,2021-2022,me MNE,CB,30-094,90,0,0,0,0,2,1,0,0,23,0,0,0,0.2,0.2,0,0,0,15,16,93.8,0,11,0,0,0,,,,,,,,,,,,,,,,,,,,,Barcelona
Yacine Qasmi,La-Liga,2021-2022,ma MAR,FW,30-231,4,0,0,0,0,0,0,0,0,4,0,0,0,0,0,0,0,0,1,2,50,0,1,0,0,0,,,,,,,,,,,,,,,,,,,,,Barcelona
Darío Benedetto,La-Liga,2021-2022,ar ARG,FW,31-097,28,0,0,0,0,1,1,1,0,7,0,0,0,0.1,0.1,0,2,0,4,5,80,1,6,1,3,2,,,,,,,,,,,,,,,,,,,,,Rayo Vallecano
Enric Franquesa,La-Liga,2021-2022,es ESP,RW,24-177,5,0,0,0,0,0,0,0,0,1,0,0,0,0,0,0,0,0,0,1,0,0,1,0,0,0,,,,,,,,,,,,,,,,,,,,,Atlético Madrid
Nemanja Radoja,La-Liga,2021-2022,rs SRB,CM,28-197,90,0,0,0,0,0,0,0,0,52,2,0,2,0,0,0,0,0,33,41,80.5,0,25,0,0,0,,,,,,,,,,,,,,,,,,,,,Atlético Madrid
Rúben Vezo,La-Liga,2021-2022,pt POR,,27-119,2,,,,,,,,,,,,,,,,,,,,,,,,,,0,0,0,,0,2,4,50,3,0,100,57,1,100,65,4,0,0,0,,Atlético Madrid
Dani Carvajal,La-Liga,2021-2022,es ESP,RB,29-223,26,0,0,0,0,1,0,0,0,26,1,0,0,0.1,0.1,0,2,1,20,24,83.3,1,14,1,1,1,,,,,,,,,,,,,,,,,,,,,Elche
David Timor,La-Liga,2021-2022,es ESP,"RM,RB",31-310,4,0,0,0,0,1,0,0,0,2,0,0,0,0,0,0,0,0,0,1,0,0,0,0,0,0,,,,,,,,,,,,,,,,,,,,,Levante
Iglesias,La-Liga,2021-2022,es ESP,"FW,RB",23-051,17,0,0,0,0,0,0,0,0,8,0,0,0,0,0,0,2,0,4,7,57.1,1,2,2,0,0,,,,,,,,,,,,,,,,,,,,,Levante
Jakub Jankto,La-Liga,2021-2022,cz CZE,"LM,RM",25-216,45,0,0,0,0,1,0,0,0,14,0,0,0,0.1,0.1,0,0,0,8,10,80,1,9,1,0,0,,,,,,,,,,,,,,,,,,,,,Levante
Ivan Rakiti?,La-Liga,2021-2022,hr CRO,"DM,AM",33-166,45,0,0,0,0,1,0,0,0,33,0,0,2,0,0,0,2,0,25,29,86.2,5,22,0,0,0,,,,,,,,,,,,,,,,,,,,,Real Madrid
Rafa Mir,La-Liga,2021-2022,es ESP,FW,24-066,24,0,0,0,0,2,0,0,0,13,0,0,1,0.2,0.2,0,2,1,6,7,85.7,1,8,0,0,0,,,,,,,,,,,,,,,,,,,,,Real Madrid
Suso,La-Liga,2021-2022,es ESP,RW,27-277,45,0,0,0,0,0,0,0,0,19,0,0,0,0,0,0,0,0,11,18,61.1,1,14,0,0,0,,,,,,,,,,,,,,,,,,,,,Real Madrid
Yassine Bounou,La-Liga,2021-2022,ma MAR,GK,30-140,90,0,0,0,0,0,0,0,0,34,0,0,0,0,0,0,0,0,25,34,73.5,0,19,0,0,0,0,0,0,,0,4,10,40,24,6,25,31.6,10,40,36.9,16,1,6.3,1,14.5,Real Madrid
Aridane Hernández,La-Liga,2021-2022,es ESP,CB,32-153,90,0,0,0,0,1,0,0,0,57,2,0,1,0.1,0.1,0,0,0,32,44,72.7,2,17,0,0,0,,,,,,,,,,,,,,,,,,,,,Getafe
José Ángel,La-Liga,2021-2022,es ESP,LB,31-352,8,0,0,0,0,0,0,0,0,16,0,1,0,0,0,0.1,2,0,10,11,90.9,3,6,1,2,1,,,,,,,,,,,,,,,,,,,,,Getafe
Manu Sánchez,La-Liga,2021-2022,es ESP,LB,20-364,82,0,0,0,0,0,0,1,0,49,1,1,2,0,0,0.1,3,0,28,42,66.7,5,15,2,3,2,,,,,,,,,,,,,,,,,,,,,Getafe
Roberto Torres,La-Liga,2021-2022,es ESP,RM,32-169,26,0,0,0,0,1,0,1,0,21,0,1,0,0,0,0.3,1,0,13,18,72.2,2,11,2,2,0,,,,,,,,,,,,,,,,,,,,,Getafe
Carlos Dominguez,La-Liga,2021-2022,es ESP,CB,20-193,78,0,0,0,0,0,0,1,0,69,0,1,1,0,0,0,0,0,54,62,87.1,6,52,2,1,1,,,,,,,,,,,,,,,,,,,,,Sevilla
Joseph Aidoo,La-Liga,2021-2022,gh GHA,CB,25-328,12,0,0,0,0,0,0,0,0,6,0,0,0,0,0,0,0,0,3,5,60,0,3,0,0,0,,,,,,,,,,,,,,,,,,,,,Sevilla
Kevin Vázquez,La-Liga,2021-2022,es ESP,RB,28-153,90,0,0,0,0,0,0,0,0,78,0,2,0,0,0,0,0,0,50,74,67.6,3,43,0,0,0,,,,,,,,,,,,,,,,,,,,,Sevilla
Aleix Vidal,La-Liga,2021-2022,es ESP,RM,32-006,16,0,0,0,0,0,0,0,0,17,1,0,0,0,0,0,1,0,10,12,83.3,2,9,1,1,0,,,,,,,,,,,,,,,,,,,,,Celta Vigo
Loren Morón,La-Liga,2021-2022,es ESP,FW,27-240,16,0,0,0,0,0,0,0,0,6,0,0,2,0,0,0,1,0,2,3,66.7,0,4,0,1,0,,,,,,,,,,,,,,,,,,,,,Celta Vigo
Álvaro Vadillo,La-Liga,2021-2022,es ESP,RB,26-349,5,0,0,0,0,0,0,1,0,6,1,0,0,0,0,0,0,0,2,3,66.7,0,2,1,0,0,,,,,,,,,,,,,,,,,,,,,Celta Vigo
Santi Mina,La-Liga,2021-2022,es ESP,FW,25-264,90,0,0,0,0,4,0,0,0,34,1,0,0,0.6,0.6,0.2,2,0,16,23,69.6,2,13,0,0,0,,,,,,,,,,,,,,,,,,,,,Mallorca
Unai Simón,La-Liga,2021-2022,es ESP,GK,24-078,90,0,0,0,0,0,0,1,0,37,0,0,0,0,0,0,0,0,19,37,51.4,0,14,0,0,0,0,0,0,,0,10,26,38.5,24,4,66.7,51.8,13,76.9,48.2,20,1,5,2,18.3,Espanyol
Alexander Sørloth,La-Liga,2021-2022,no NOR,FW,25-266,5,0,0,0,0,1,0,0,0,8,0,0,0,0.2,0.2,0,0,0,2,5,40,0,3,2,2,1,,,,,,,,,,,,,,,,,,,,,Valencia
Roberto Navarro,La-Liga,2021-2022,es ESP,CM,19-138,9,0,0,0,0,2,0,0,0,7,0,0,0,0.1,0.1,0,3,0,4,5,80,2,7,2,3,3,,,,,,,,,,,,,,,,,,,,,Valencia
Cárdenas,La-Liga,2021-2022,es ESP,GK,24-153,90,0,0,0,0,0,0,0,0,42,0,0,0,0,0,0,0,0,32,41,78,0,27,0,0,0,2,1,1,50,0.2,4,10,40,33,7,24.2,29.5,7,28.6,26.3,4,0,0,2,22.7,Alavés
Álex Cantero,La-Liga,2021-2022,es ESP,FW,21-081,64,0,0,0,0,0,0,1,0,15,0,0,0,0,0,0,0,0,4,8,50,1,12,1,4,2,,,,,,,,,,,,,,,,,,,,,Alavés
Josema,La-Liga,2021-2022,es ESP,CB,25-083,25,0,0,0,0,0,0,0,0,5,0,0,1,0,0,0,0,0,1,2,50,0,1,0,0,0,,,,,,,,,,,,,,,,,,,,,Celta Vigo
Thomas Delaney,La-Liga,2021-2022,dk DEN,RM,29-359,23,0,0,0,0,0,0,0,0,18,0,0,0,0,0,0,1,0,17,18,94.4,3,10,0,0,0,,,,,,,,,,,,,,,,,,,,,Athletic Club
Cristian Tello,La-Liga,2021-2022,es ESP,"LW,RW",30-017,21,0,0,0,0,0,0,0,0,13,0,0,0,0,0,0.2,1,0,8,11,72.7,0,9,2,2,1,,,,,,,,,,,,,,,,,,,,,Real Sociedad
Germán Pezzella,La-Liga,2021-2022,ar ARG,CB,30-062,90,0,0,0,0,0,0,1,0,59,1,2,3,0,0,0,0,0,35,46,76.1,1,27,1,1,1,,,,,,,,,,,,,,,,,,,,,Real Sociedad
Guido Rodríguez,La-Liga,2021-2022,ar ARG,DM,27-138,90,0,0,0,0,1,1,0,0,88,5,2,3,0,0,0,0,0,58,71,81.7,4,46,0,1,1,,,,,,,,,,,,,,,,,,,,,Real Sociedad
Juan Miranda,La-Liga,2021-2022,es ESP,LB,21-221,90,0,0,0,0,0,0,0,0,77,5,0,0,0,0,0,0,0,51,65,78.5,5,25,1,1,1,,,,,,,,,,,,,,,,,,,,,Real Sociedad
Víctor Camarasa,La-Liga,2021-2022,es ESP,DM,27-092,21,0,0,0,0,1,0,0,0,18,1,1,1,0,0,0,0,0,10,13,76.9,1,10,0,0,0,,,,,,,,,,,,,,,,,,,,,Real Sociedad
Miguel Gutiérrez,La-Liga,2021-2022,es ESP,LB,20-032,82,0,0,0,0,0,0,1,0,58,5,0,0,0,0,0.2,2,0,47,48,97.9,6,33,2,2,2,,,,,,,,,,,,,,,,,,,,,Levante
Gavi,La-Liga,2021-2022,es ESP,RM,17-024,17,0,0,0,0,0,0,0,0,17,0,0,0,0,0,0,1,0,12,15,80,1,13,0,1,0,,,,,,,,,,,,,,,,,,,,,Elche
Marc-André ter Stegen,La-Liga,2021-2022,de GER,GK,29-121,90,0,0,0,0,0,0,0,0,48,0,0,0,0,0,0,0,0,34,47,72.3,0,20,0,0,0,3,1,2,66.7,0.2,7,16,43.8,40,2,30,30.3,7,57.1,39.6,7,1,14.3,2,17.3,Elche
Emmanuel Amankwaa Akurugu,La-Liga,2021-2022,gh GHA,CB,19-282,7,0,0,0,0,0,0,0,0,4,0,0,0,0,0,0,0,0,3,4,75,0,1,0,0,0,,,,,,,,,,,,,,,,,,,,,Sevilla
Kévin Rodrigues,La-Liga,2021-2022,pt POR,LW,27-177,8,0,0,0,0,0,0,0,0,6,0,0,1,0,0,0,1,0,2,5,40,0,1,0,0,0,,,,,,,,,,,,,,,,,,,,,Betis
Quini,La-Liga,2021-2022,es ESP,RB,31-339,28,0,0,0,0,0,0,1,0,26,1,1,0,0,0,0,0,0,14,20,70,2,13,0,0,0,,,,,,,,,,,,,,,,,,,,,Real Madrid
Rubén Rochina,La-Liga,2021-2022,es ESP,LW,30-159,13,0,0,0,0,0,0,0,0,9,1,0,0,0,0,0,0,0,5,6,83.3,2,4,0,0,0,,,,,,,,,,,,,,,,,,,,,Real Madrid
Yan Brice Eteki,La-Liga,2021-2022,cm CMR,RM,24-003,28,0,0,0,0,0,0,0,0,16,0,1,0,0,0,0,0,0,11,14,78.6,2,10,0,0,0,,,,,,,,,,,,,,,,,,,,,Real Madrid
Cala,La-Liga,2021-2022,es ESP,CB,31-276,45,0,0,0,0,0,0,0,0,13,0,0,0,0,0,0,1,0,3,9,33.3,0,3,0,0,0,,,,,,,,,,,,,,,,,,,,,Barcelona
Florin Andone,La-Liga,2021-2022,ro ROU,FW,28-140,23,0,0,0,0,0,0,0,0,11,0,0,0,0,0,0.1,1,0,3,6,50,0,7,0,0,0,,,,,,,,,,,,,,,,,,,,,Barcelona
Barbero,La-Liga,2021-2022,es ESP,LB,23-012,4,0,0,0,0,0,0,0,0,3,0,0,0,0,0,0,0,0,1,1,100,0,2,0,0,0,,,,,,,,,,,,,,,,,,,,,Getafe
Robert Ibáñez,La-Liga,2021-2022,es ESP,RM,28-160,18,0,0,0,0,1,0,0,0,17,1,0,0,0.2,0.2,0.3,1,0,9,11,81.8,3,11,0,1,1,,,,,,,,,,,,,,,,,,,,,Getafe
Matheus Cunha,La-Liga,2021-2022,br BRA,CM,22-094,11,0,0,0,0,0,0,0,0,5,1,0,0,0,0,0,0,0,4,4,100,0,3,0,0,0,,,,,,,,,,,,,,,,,,,,,Rayo Vallecano
Mario Gaspar,La-Liga,2021-2022,es ESP,RM,30-278,11,0,0,0,0,0,0,0,0,5,0,1,0,0,0,0,0,0,3,4,75,0,3,0,0,0,,,,,,,,,,,,,,,,,,,,,Granada
José Luis García Vayá,La-Liga,2021-2022,es ESP,CM,23-031,12,0,0,0,0,0,0,0,0,14,0,0,0,0,0,0,0,0,8,12,66.7,3,4,0,0,0,,,,,,,,,,,,,,,,,,,,,Cádiz
Sergio Postigo,La-Liga,2021-2022,es ESP,CB,32-311,17,0,0,0,0,0,0,0,0,6,0,1,0,0,0,0,0,0,4,4,100,1,1,0,0,0,,,,,,,,,,,,,,,,,,,,,Cádiz
Sergi Guardiola,La-Liga,2021-2022,es ESP,FW,30-105,25,1,0,0,0,2,1,0,0,6,1,0,0,0.6,0.6,0,0,0,0,0,,0,3,0,0,0,,,,,,,,,,,,,,,,,,,,,Osasuna
Unai López,La-Liga,2021-2022,es ESP,DM,25-316,25,0,0,0,0,0,0,0,0,32,1,1,0,0,0,0,3,0,23,29,79.3,3,25,1,0,0,,,,,,,,,,,,,,,,,,,,,Osasuna
Nicolás Serrano,La-Liga,2021-2022,es ESP,FW,18-190,8,0,0,0,0,0,0,0,0,9,1,0,0,0,0,0,0,0,5,7,71.4,1,5,1,0,0,,,,,,,,,,,,,,,,,,,,,Atlético Madrid
Joan Sastre Vanrell,La-Liga,2021-2022,es ESP,CB,24-134,14,0,0,0,0,0,0,0,0,18,1,0,0,0,0,0,1,0,9,15,60,0,9,0,1,0,,,,,,,,,,,,,,,,,,,,,Villarreal
Lee Kang-in,La-Liga,2021-2022,kr KOR,RW,20-204,19,0,0,0,0,1,0,0,0,13,0,0,2,0,0,0,1,0,5,6,83.3,2,8,0,3,2,,,,,,,,,,,,,,,,,,,,,Villarreal
Iñigo Pérez,La-Liga,2021-2022,es ESP,"CM,LM",33-237,9,0,0,0,0,0,0,0,0,16,1,0,0,0,0,0,0,0,14,15,93.3,2,11,0,0,0,,,,,,,,,,,,,,,,,,,,,Levante
Javier Ontiveros,La-Liga,2021-2022,es ESP,"LM,FW",24-003,9,0,0,0,0,0,0,0,0,11,0,0,0,0,0,0,0,0,8,10,80,0,7,2,0,0,,,,,,,,,,,,,,,,,,,,,Levante
Marcos André,La-Liga,2021-2022,br BRA,FW,24-327,4,0,0,0,0,0,0,0,0,2,0,0,0,0,0,0,0,0,2,2,100,0,0,0,0,0,,,,,,,,,,,,,,,,,,,,,Rayo Vallecano
Marcos Mauro López Gutiérrez,La-Liga,2021-2022,ar ARG,CB,30-246,90,0,0,0,0,0,0,0,0,32,1,1,2,0,0,0,0,0,10,18,55.6,2,8,0,0,0,,,,,,,,,,,,,,,,,,,,,Athletic Club
Martín,La-Liga,2021-2022,es ESP,RB,22-195,6,0,0,0,0,0,0,0,0,2,0,0,0,0,0,0,0,0,0,2,0,0,0,0,0,0,,,,,,,,,,,,,,,,,,,,,Athletic Club
Eduardo Camavinga,La-Liga,2021-2022,fr FRA,CM,18-306,25,1,0,0,0,1,1,0,0,32,0,0,1,0.8,0.8,0,1,0,25,28,89.3,3,21,0,2,1,,,,,,,,,,,,,,,,,,,,,Espanyol
Marcelo,La-Liga,2021-2022,br BRA,LB,33-123,2,0,0,0,0,0,0,0,0,4,0,0,0,0,0,0,0,0,3,4,75,0,3,1,0,0,,,,,,,,,,,,,,,,,,,,,Espanyol
Jeison Murillo,La-Liga,2021-2022,co COL,CB,29-108,88,0,0,0,0,0,0,1,0,36,1,2,1,0,0,0,0,0,25,29,86.2,0,19,0,0,0,,,,,,,,,,,,,,,,,,,,,Atlético Madrid
Darío Poveda,La-Liga,2021-2022,es ESP,FW,24-184,18,0,0,0,0,0,0,0,0,5,0,0,0,0,0,0,0,0,1,3,33.3,1,2,0,0,0,,,,,,,,,,,,,,,,,,,,,Osasuna
Jonathan Silva,La-Liga,2021-2022,ar ARG,LB,27-076,18,0,0,0,0,0,0,0,0,24,3,0,0,0,0,0,0,0,13,19,68.4,1,13,1,0,0,,,,,,,,,,,,,,,,,,,,,Osasuna
Jorge Cuenca,La-Liga,2021-2022,es ESP,CB,21-300,90,0,0,0,0,0,0,0,0,66,2,2,0,0,0,0,1,0,52,61,85.2,3,48,0,0,0,,,,,,,,,,,,,,,,,,,,,Osasuna
Gerard Gumbau,La-Liga,2021-2022,es ESP,CM,26-269,18,0,0,0,0,0,0,0,0,20,1,0,0,0,0,0,0,0,14,17,82.4,1,8,1,2,1,,,,,,,,,,,,,,,,,,,,,Valencia
Lucas Pérez,La-Liga,2021-2022,es ESP,FW,33-003,33,1,0,0,0,1,1,0,0,20,0,0,0,0.5,0.5,0,1,1,12,14,85.7,1,13,1,2,1,,,,,,,,,,,,,,,,,,,,,Valencia
Omar Mascarell,La-Liga,2021-2022,gq EQG,CM,28-223,72,0,0,0,0,0,0,1,0,44,0,0,2,0,0,0,1,0,32,40,80,4,22,2,1,1,,,,,,,,,,,,,,,,,,,,,Valencia
Luís Maximiano,La-Liga,2021-2022,pt POR,GK,22-251,90,0,0,0,0,0,0,0,0,41,0,0,0,0,0,0,0,0,28,38,73.7,0,30,0,0,0,9,2,7,77.8,2.7,3,11,27.3,33,9,30.3,30.3,5,20,27.8,13,0,0,2,20.5,Cádiz
Santiago Arias,La-Liga,2021-2022,co COL,RB,29-243,90,0,0,0,0,1,0,0,0,61,2,1,1,0,0,0,0,0,36,50,72,3,26,5,3,1,,,,,,,,,,,,,,,,,,,,,Cádiz
Héctor Bellerín,La-Liga,2021-2022,es ESP,RB,26-178,90,0,0,0,0,0,0,0,0,64,1,0,1,0,0,0.3,4,0,47,58,81,5,30,2,1,1,,,,,,,,,,,,,,,,,,,,,Real Sociedad
Marc Bartra,La-Liga,2021-2022,es ESP,CB,30-241,13,0,0,0,0,0,0,0,0,20,0,2,0,0,0,0,0,0,16,18,88.9,1,18,0,0,0,,,,,,,,,,,,,,,,,,,,,Real Sociedad
William Carvalho,La-Liga,2021-2022,pt POR,DM,29-159,63,0,0,0,0,1,1,0,0,54,2,0,1,0.1,0.1,0,1,0,43,45,95.6,7,32,0,3,2,,,,,,,,,,,,,,,,,,,,,Real Sociedad
Willian José,La-Liga,2021-2022,br BRA,FW,29-294,45,0,0,0,0,0,0,0,0,17,0,0,0,0,0,0,3,0,12,14,85.7,1,4,0,0,0,,,,,,,,,,,,,,,,,,,,,Real Sociedad
Santiago Arzamendia,La-Liga,2021-2022,py PAR,LM,23-135,35,0,0,0,0,0,0,0,0,16,1,0,1,0,0,0,0,0,5,9,55.6,0,6,0,1,0,,,,,,,,,,,,,,,,,,,,,Celta Vigo
Álvaro Bastida,La-Liga,2021-2022,es ESP,CM,17-128,71,0,0,0,0,0,0,0,0,10,2,1,1,0,0,0,0,0,4,6,66.7,0,2,0,0,0,,,,,,,,,,,,,,,,,,,,,Celta Vigo
Radamel Falcao,La-Liga,2021-2022,co COL,FW,35-220,20,1,0,0,0,2,1,0,0,10,1,0,0,0.4,0.4,0,0,0,4,6,66.7,0,5,0,0,0,,,,,,,,,,,,,,,,,,,,,Getafe
Chema,La-Liga,2021-2022,es ESP,CM,29-199,45,0,0,0,0,1,0,1,0,17,0,0,0,0,0,0,1,0,11,15,73.3,2,5,0,0,0,,,,,,,,,,,,,,,,,,,,,Elche
Florentino Luís,La-Liga,2021-2022,pt POR,CM,22-030,45,0,0,0,0,0,0,0,0,28,2,1,0,0,0,0,0,0,20,24,83.3,2,13,0,2,1,,,,,,,,,,,,,,,,,,,,,Elche
Héctor Herrera,La-Liga,2021-2022,mx MEX,DM,31-152,36,0,0,0,0,1,0,0,0,32,2,1,0,0,0,0,3,0,20,25,80,4,18,0,3,3,,,,,,,,,,,,,,,,,,,,,Granada
João Félix,La-Liga,2021-2022,pt POR,FW,21-312,18,0,0,0,0,0,0,2,1,11,0,0,0,0,0,0,2,0,9,10,90,2,10,1,2,1,,,,,,,,,,,,,,,,,,,,,Granada
Antonio Sivera,La-Liga,2021-2022,es ESP,GK,25-038,90,0,0,0,0,0,0,0,0,38,0,0,0,0,0,0,0,0,20,34,58.8,0,14,0,0,0,5,2,3,80,1.8,8,22,36.4,21,2,66.7,47.4,13,61.5,48.4,17,0,0,0,8,Celta Vigo
Mamadou Sylla,La-Liga,2021-2022,sn SEN,FW,27-182,63,0,0,0,0,0,0,0,0,19,1,1,0,0,0,0,0,0,5,11,45.5,0,10,1,1,0,,,,,,,,,,,,,,,,,,,,,Celta Vigo
Matt Miazga,La-Liga,2021-2022,us USA,CB,26-061,90,0,0,0,0,0,0,0,0,79,1,1,1,0,0,0,0,0,61,74,82.4,2,42,0,0,0,,,,,,,,,,,,,,,,,,,,,Celta Vigo
Miguel,La-Liga,2021-2022,es ESP,FW,22-015,14,0,0,0,0,1,1,0,0,8,1,0,0,0,0,0,0,0,5,7,71.4,0,7,1,0,0,,,,,,,,,,,,,,,,,,,,,Celta Vigo
Jaume Grau,La-Liga,2021-2022,es ESP,LM,24-136,3,0,0,0,0,0,0,0,0,4,1,0,0,0,0,0,0,0,2,4,50,0,4,0,0,0,,,,,,,,,,,,,,,,,,,,,Cádiz
Jaume Costa,La-Liga,2021-2022,es ESP,LB,33-185,90,0,0,0,0,0,0,0,0,45,2,1,1,0,0,0,0,0,27,42,64.3,2,19,0,1,0,,,,,,,,,,,,,,,,,,,,,Rayo Vallecano
Matthew Hoppe,La-Liga,2021-2022,us USA,FW,20-190,31,0,0,0,0,0,0,0,0,13,1,0,0,0,0,0,1,0,6,9,66.7,0,9,0,0,0,,,,,,,,,,,,,,,,,,,,,Rayo Vallecano
Daniel Parejo,La-Liga,2021-2022,es ESP,DM,32-156,35,0,0,0,0,1,0,0,0,36,0,1,0,0.1,0.1,0,2,0,29,35,82.9,6,22,2,0,0,,,,,,,,,,,,,,,,,,,,,Getafe
Paco Alcácer,La-Liga,2021-2022,es ESP,FW,28-020,34,0,0,0,0,0,0,0,0,15,0,0,1,0,0,0,1,0,9,14,64.3,0,4,0,2,1,,,,,,,,,,,,,,,,,,,,,Getafe
Pau Torres,La-Liga,2021-2022,es ESP,CB,24-246,90,0,0,0,0,0,0,0,0,84,0,0,2,0,0,0,1,0,70,80,87.5,5,61,2,3,3,,,,,,,,,,,,,,,,,,,,,Getafe
Germán Valera,La-Liga,2021-2022,es ESP,FW,19-187,17,0,0,0,0,0,0,0,0,10,0,0,0,0,0,0,0,0,6,7,85.7,1,7,1,3,2,,,,,,,,,,,,,,,,,,,,,Atlético Madrid
Lucas Ocampos,La-Liga,2021-2022,ar ARG,RW,27-070,45,0,0,0,0,1,0,0,0,17,1,0,0,0.1,0.1,0,1,0,9,12,75,1,13,1,1,0,,,,,,,,,,,,,,,,,,,,,Athletic Club
Claudio Bravo,La-Liga,2021-2022,cl CHI,GK,38-159,90,0,0,0,0,0,0,1,0,26,0,0,0,0,0,0,0,0,19,24,79.2,0,12,0,0,0,4,2,2,50,0.8,2,6,33.3,20,4,30,31.6,4,0,24.3,14,0,0,0,10.5,Elche
Óscar Gil,La-Liga,2021-2022,es ESP,RB,24-146,60,0,0,0,0,0,0,0,0,27,4,0,2,0,0,0,0,0,15,18,83.3,1,4,0,0,0,,,,,,,,,,,,,,,,,,,,,Levante
Hélder Costa,La-Liga,2021-2022,ao ANG,"LW,FW",27-250,12,0,0,0,0,0,0,0,0,4,0,1,1,0,0,0,0,0,1,2,50,0,3,0,0,0,,,,,,,,,,,,,,,,,,,,,Alavés
Toni Lato,La-Liga,2021-2022,es ESP,LB,23-302,68,0,0,0,0,0,0,0,0,39,3,2,2,0,0,0,1,0,25,30,83.3,2,21,1,0,0,,,,,,,,,,,,,,,,,,,,,Alavés
Uroš Ra?i?,La-Liga,2021-2022,rs SRB,"DM,FW",23-186,11,0,0,0,0,0,0,0,0,7,0,0,0,0,0,0,0,0,2,4,50,0,2,0,0,0,,,,,,,,,,,,,,,,,,,,,Alavés
Alejandro Balde,La-Liga,2021-2022,es ESP,LB,17-337,41,0,0,0,0,0,0,0,0,46,0,0,1,0,0,0,0,0,39,42,92.9,2,35,3,1,0,,,,,,,,,,,,,,,,,,,,,Mallorca
Luuk de Jong,La-Liga,2021-2022,nl NED,"FW,RM",31-024,45,0,0,0,0,1,0,0,0,15,1,0,0,0.6,0.6,0,1,0,6,6,100,0,8,0,0,0,,,,,,,,,,,,,,,,,,,,,Mallorca
Philippe Coutinho,La-Liga,2021-2022,br BRA,LW,29-100,59,0,0,0,0,1,0,0,0,43,1,1,1,0,0,0,4,0,27,33,81.8,5,34,3,1,0,,,,,,,,,,,,,,,,,,,,,Mallorca
Riqui Puig,La-Liga,2021-2022,es ESP,CM,22-038,17,0,0,0,0,0,0,0,0,14,0,0,0,0,0,0,0,0,11,12,91.7,3,11,0,0,0,,,,,,,,,,,,,,,,,,,,,Mallorca
Yusuf Demir,La-Liga,2021-2022,at AUT,RW,18-110,74,0,0,0,0,0,0,0,0,52,2,1,0,0,0,0,4,0,33,36,91.7,2,32,3,7,4,,,,,,,,,,,,,,,,,,,,,Mallorca
Sergio Escudero,La-Liga,2021-2022,es ESP,LB,32-018,45,0,1,0,0,0,0,0,0,16,0,2,0,0,0,0.6,3,2,8,12,66.7,1,5,0,1,1,,,,,,,,,,,,,,,,,,,,,Villarreal
Nikola Vuk?evi?,La-Liga,2021-2022,me MNE,CM,29-282,13,0,0,0,0,0,0,0,0,10,0,0,0,0,0,0,1,0,7,9,77.8,2,6,0,0,0,,,,,,,,,,,,,,,,,,,,,Betis
Shkodran Mustafi,La-Liga,2021-2022,de GER,CB,29-157,90,0,0,0,0,1,0,0,0,60,0,4,0,0,0,0,1,0,37,53,69.8,7,27,1,0,0,,,,,,,,,,,,,,,,,,,,,Betis
Okay Yoku?lu,La-Liga,2021-2022,tr TUR,"RM,CM",27-196,3,0,0,0,0,0,0,0,0,3,0,0,0,0,0,0,0,0,1,3,33.3,1,1,0,0,0,,,,,,,,,,,,,,,,,,,,,Espanyol
Unai Núñez,La-Liga,2021-2022,es ESP,CB,24-234,90,0,0,0,0,0,0,1,0,59,1,1,0,0,0,0,0,0,41,50,82,4,33,0,2,2,,,,,,,,,,,,,,,,,,,,,Valencia
Nikola Maraš,La-Liga,2021-2022,rs SRB,CB,25-276,90,0,0,0,0,0,0,1,0,41,1,3,1,0,0,0,0,0,23,28,82.1,0,18,0,0,0,,,,,,,,,,,,,,,,,,,,,Real Madrid
Gonzalo Montiel,La-Liga,2021-2022,ar ARG,RB,24-264,55,1,0,0,0,1,1,1,0,39,0,2,1,0,0,0,1,1,22,35,62.9,3,19,3,0,0,,,,,,,,,,,,,,,,,,,,,Barcelona
Koba Koindredi,La-Liga,2021-2022,fr FRA,CM,19-330,24,0,0,0,0,0,0,0,0,11,1,1,0,0,0,0,0,0,8,9,88.9,2,7,0,0,0,,,,,,,,,,,,,,,,,,,,,Granada
Sergio Asenjo,La-Liga,2021-2022,es ESP,GK,32-086,90,0,0,0,0,0,0,0,0,24,0,0,0,0,0,0,0,0,17,22,77.3,0,13,0,0,0,3,1,2,66.7,1,1,5,20,17,5,17.6,29.9,4,50,41.3,21,1,4.8,2,21.5,Getafe
Antonio Barragán,La-Liga,2021-2022,es ESP,CB,34-102,81,0,0,0,0,0,0,0,0,32,3,3,1,0,0,0,1,1,19,21,90.5,1,9,0,0,0,,,,,,,,,,,,,,,,,,,,,Atlético Madrid
Javier Pastore,La-Liga,2021-2022,ar ARG,"CM,LM",32-094,27,0,0,0,0,1,1,0,0,22,1,2,0,0,0,0,1,0,13,18,72.2,2,13,1,1,1,,,,,,,,,,,,,,,,,,,,,Atlético Madrid
Antonio Blanco,La-Liga,2021-2022,es ESP,CM,21-061,31,0,0,0,0,0,0,0,0,25,2,1,1,0,0,0,1,1,18,20,90,1,13,1,1,1,,,,,,,,,,,,,,,,,,,,,Levante
Sergio Santos,La-Liga,2021-2022,es ESP,RB,20-262,11,0,0,0,0,0,0,0,0,8,0,0,0,0,0,0.1,2,0,8,8,100,0,5,0,0,0,,,,,,,,,,,,,,,,,,,,,Levante
Antonio Sánchez,La-Liga,2021-2022,es ESP,"LW,DM",24-264,32,0,0,0,0,1,1,0,0,19,1,0,0,0.3,0.3,0,4,0,12,15,80,1,13,1,0,0,,,,,,,,,,,,,,,,,,,,,Celta Vigo
Josep Antoni Gayá,La-Liga,2021-2022,es ESP,CB,21-077,58,0,0,0,0,0,0,0,0,36,0,1,1,0,0,0,0,0,23,28,82.1,0,15,1,0,0,,,,,,,,,,,,,,,,,,,,,Celta Vigo
Kike Hermoso,La-Liga,2021-2022,es ESP,CB,22-044,90,1,0,0,0,2,1,0,0,73,2,0,2,0.2,0.2,0,0,0,50,60,83.3,0,48,1,1,1,,,,,,,,,,,,,,,,,,,,,Rayo Vallecano
Igor Zubeldia,La-Liga,2021-2022,es ESP,"CB,FW",24-177,15,0,0,0,0,0,0,0,0,9,0,0,0,0,0,0,0,0,5,7,71.4,1,4,0,0,0,,,,,,,,,,,,,,,,,,,,,Valencia
Mathew Ryan,La-Liga,2021-2022,au AUS,GK,29-168,90,0,0,0,0,0,0,0,0,32,0,0,0,0,0,0,0,0,22,30,73.3,0,19,0,0,0,2,2,0,50,1.3,5,13,38.5,25,4,36,35.5,5,80,57.8,10,0,0,3,21.4,Valencia
Saúl García,La-Liga,2021-2022,es ESP,LM,26-320,4,0,0,0,0,0,0,0,0,5,1,0,0,0,0,0,0,0,1,3,33.3,0,0,0,0,0,,,,,,,,,,,,,,,,,,,,,Villarreal
Tachi,La-Liga,2021-2022,es ESP,"CB,LB",24-015,12,0,0,0,0,0,0,0,0,3,0,0,0,0,0,0,0,0,0,1,0,0,1,0,0,0,,,,,,,,,,,,,,,,,,,,,Villarreal
Felipe,La-Liga,2021-2022,br BRA,CB,32-132,90,0,0,0,0,0,0,0,0,81,0,1,1,0,0,0,0,0,61,72,84.7,3,48,0,0,0,,,,,,,,,,,,,,,,,,,,,Elche
Jasper Cillessen,La-Liga,2021-2022,nl NED,GK,32-156,90,0,0,0,0,0,0,0,0,32,0,0,0,0,0,0,0,0,19,31,61.3,0,21,0,0,0,4,1,3,75,0.9,14,26,53.8,26,3,80.8,50.8,5,100,69.4,18,0,0,0,19,Real Madrid
Jesus Vazquez,La-Liga,2021-2022,es ESP,LB,18-266,21,0,0,0,0,0,0,0,0,21,0,0,2,0,0,0,1,0,12,18,66.7,0,7,1,1,0,,,,,,,,,,,,,,,,,,,,,Real Madrid
Dominik Greif,La-Liga,2021-2022,sk SVK,GK,24-173,90,0,0,0,0,0,0,0,0,33,0,0,0,0,0,0,0,0,20,31,64.5,0,17,0,0,0,6,3,3,50,1.5,1,10,10,21,6,33.3,34.1,10,30,32.7,13,0,0,1,12.5,Cádiz
Jesús Areso,La-Liga,2021-2022,es ESP,RB,22-086,82,0,0,0,0,0,0,0,0,36,2,0,0,0,0,0,3,0,22,30,73.3,1,11,1,0,0,,,,,,,,,,,,,,,,,,,,,Barcelona
Beñat Turrientes,La-Liga,2021-2022,es ESP,DM,19-238,83,0,0,0,0,4,1,0,0,44,0,1,0,0.2,0.2,0,3,0,35,38,92.1,5,32,3,2,2,,,,,,,,,,,,,,,,,,,,,Valencia
Cristo,La-Liga,2021-2022,es ESP,LB,21-149,17,0,0,0,0,1,0,0,0,14,0,0,0,0,0,0.1,1,0,10,11,90.9,0,9,1,2,0,,,,,,,,,,,,,,,,,,,,,Valencia
Pablo Piatti,La-Liga,2021-2022,ar ARG,"AM,RM",32-179,76,0,0,0,0,2,2,0,0,26,3,0,0,0,0,0,1,0,13,16,81.3,0,15,0,2,1,,,,,,,,,,,,,,,,,,,,,Athletic Club
Coke,La-Liga,2021-2022,es ESP,RB,34-159,5,0,0,0,0,0,0,0,0,6,0,0,0,0,0,0,0,0,5,6,83.3,0,2,0,0,0,,,,,,,,,,,,,,,,,,,,,Cádiz
Chapela,La-Liga,2021-2022,es ESP,RM,22-134,20,0,0,0,0,0,0,0,0,8,0,0,1,0,0,0,0,0,3,5,60,1,4,1,1,0,,,,,,,,,,,,,,,,,,,,,Real Sociedad
Iván Alejo,La-Liga,2021-2022,es ESP,"LM,RM",26-234,31,0,0,0,0,0,0,1,0,18,3,0,0,0,0,0,0,0,5,8,62.5,0,14,1,0,0,,,,,,,,,,,,,,,,,,,,,Real Sociedad
Pedro Benito,La-Liga,2021-2022,es ESP,FW,21-189,31,0,0,0,0,0,0,0,0,7,0,0,0,0,0,0,0,0,3,5,60,0,6,1,0,0,,,,,,,,,,,,,,,,,,,,,Real Sociedad
Ansu Fati,La-Liga,2021-2022,es ESP,"RW,LW",18-336,27,0,0,0,0,2,1,0,0,15,0,0,0,0.1,0.1,0,1,0,8,12,66.7,0,14,1,1,0,,,,,,,,,,,,,,,,,,,,,Getafe
Nicolas Jackson,La-Liga,2021-2022,sn SEN,FW,20-105,1,0,0,0,0,0,0,0,0,2,0,0,0,0,0,0,0,0,1,1,100,0,2,0,0,0,,,,,,,,,,,,,,,,,,,,,Athletic Club
Vicente Iborra,La-Liga,2021-2022,es ESP,CM,33-260,1,0,0,0,0,0,0,0,0,5,0,0,2,0,0,0,0,0,2,2,100,0,2,0,0,0,,,,,,,,,,,,,,,,,,,,,Athletic Club
Isma Ruiz,La-Liga,2021-2022,es ESP,DM,20-231,5,0,0,0,0,0,0,0,0,2,0,0,1,0,0,0,0,0,1,1,100,0,0,0,0,0,,,,,,,,,,,,,,,,,,,,,Mallorca
Munir El Haddadi,La-Liga,2021-2022,ma MAR,"LW,RW",26-032,45,0,0,0,0,1,1,0,0,15,0,0,0,0.2,0.2,0,0,0,7,9,77.8,1,11,0,0,0,,,,,,,,,,,,,,,,,,,,,Levante
Allan Nyom,La-Liga,2021-2022,cm CMR,LM,33-159,7,0,0,0,0,0,0,0,0,2,0,0,0,0,0,0,0,0,2,2,100,0,2,0,0,0,,,,,,,,,,,,,,,,,,,,,Valencia
Mario Hernández,La-Liga,2021-2022,es ESP,RB,22-265,73,1,0,0,0,1,1,0,0,40,0,1,0,0.2,0.2,0,0,0,23,35,65.7,5,19,0,2,1,,,,,,,,,,,,,,,,,,,,,Elche
Ludwig Augustinsson,La-Liga,2021-2022,se SWE,LB,27-179,90,0,0,0,0,0,0,0,0,57,3,1,1,0,0,0,0,0,42,47,89.4,1,25,1,0,0,,,,,,,,,,,,,,,,,,,,,Real Madrid
Óliver Torres,La-Liga,2021-2022,es ESP,LW,26-341,52,0,0,0,0,0,0,0,0,36,1,2,0,0,0,0,0,0,15,26,57.7,1,17,0,1,0,,,,,,,,,,,,,,,,,,,,,Real Madrid
Samuel Chukwueze,La-Liga,2021-2022,ng NGA,RM,22-148,13,0,0,0,0,0,0,0,0,2,0,0,0,0,0,0,2,0,1,2,50,1,2,1,1,1,,,,,,,,,,,,,,,,,,,,,Villarreal
Juan Cruz Armada,La-Liga,2021-2022,es ESP,CB,29-081,90,0,0,0,0,1,0,0,0,26,0,2,0,0.1,0.1,0,1,0,13,17,76.5,3,12,0,1,1,,,,,,,,,,,,,,,,,,,,,Betis
Sergio Agüero,La-Liga,2021-2022,ar ARG,FW,33-137,4,0,0,0,0,0,0,0,0,3,0,0,0,0,0,0,0,0,1,2,50,1,2,1,0,0,,,,,,,,,,,,,,,,,,,,,Getafe
Yangel Herrera,La-Liga,2021-2022,ve VEN,DM,23-282,24,0,0,0,0,1,0,0,0,21,0,2,1,0.1,0.1,0,0,0,13,16,81.3,2,9,0,0,0,,,,,,,,,,,,,,,,,,,,,Sevilla
Serge Aurier,La-Liga,2021-2022,ci CIV,RB,28-303,26,0,0,0,0,1,0,0,0,23,0,2,0,0,0,0,1,0,14,21,66.7,3,13,2,0,0,,,,,,,,,,,,,,,,,,,,,Osasuna
Ferland Mendy,La-Liga,2021-2022,fr FRA,LB,26-138,90,0,0,0,0,1,1,1,0,60,1,1,1,0,0,0,3,0,46,50,92,2,40,2,2,1,,,,,,,,,,,,,,,,,,,,,Betis
Toni Kroos,La-Liga,2021-2022,de GER,LM,31-293,90,0,0,0,0,1,0,0,0,64,3,0,2,0.1,0.1,0.1,3,0,52,56,92.9,4,35,1,0,0,,,,,,,,,,,,,,,,,,,,,Betis
Diego Lainez,La-Liga,2021-2022,mx MEX,RW,21-137,21,0,0,0,0,0,0,0,0,10,0,1,0,0,0,0,0,0,3,7,42.9,0,6,0,1,0,,,,,,,,,,,,,,,,,,,,,Espanyol
José Pozo,La-Liga,2021-2022,es ESP,CB,25-223,3,0,0,0,0,0,0,0,0,3,0,0,0,0,0,0,0,0,3,3,100,2,1,0,0,0,,,,,,,,,,,,,,,,,,,,,Cádiz
Hugo Álvarez,La-Liga,2021-2022,es ESP,FW,18-115,11,0,0,0,0,1,0,0,0,8,1,0,0,0.2,0.2,0,0,0,1,3,33.3,0,2,0,0,0,,,,,,,,,,,,,,,,,,,,,Granada
Yeray Álvarez,La-Liga,2021-2022,es ESP,CB,26-275,90,0,0,0,0,0,0,1,0,65,1,2,2,0,0,0,3,0,51,56,91.1,5,39,1,1,1,,,,,,,,,,,,,,,,,,,,,Alavés
Diego Rico,La-Liga,2021-2022,es ESP,WB,28-247,7,0,0,0,0,0,0,0,0,9,0,1,0,0,0,0,0,0,1,4,25,0,4,0,0,0,,,,,,,,,,,,,,,,,,,,,Real Sociedad
Mariano,La-Liga,2021-2022,do DOM,FW,28-090,90,0,1,0,0,4,1,0,0,25,0,0,0,0.4,0.4,0.2,3,1,12,18,66.7,1,16,4,2,2,,,,,,,,,,,,,,,,,,,,,Elche
Juan Pérez,La-Liga,2021-2022,es ESP,GK,25-107,90,0,0,0,0,0,0,0,0,25,0,0,0,0,0,0,0,0,6,23,26.1,0,12,0,0,0,4,2,2,50,1.1,1,15,6.7,18,4,55.6,41.6,5,100,62,11,1,9.1,7,22,Athletic Club
Cristiano Piccini,La-Liga,2021-2022,it ITA,"RB,LB",29-034,9,0,0,0,0,0,0,0,0,10,1,0,0,0,0,0,0,0,3,6,50,0,2,0,0,0,,,,,,,,,,,,,,,,,,,,,Villarreal
Abde Ezzalzouli,La-Liga,2021-2022,ma MAR,RM,19-317,11,0,0,0,0,0,0,0,0,8,0,0,0,0,0,0,1,0,4,6,66.7,0,6,0,4,2,,,,,,,,,,,,,,,,,,,,,Mallorca
Alex Petxa,La-Liga,2021-2022,es ESP,RB,24-267,12,0,0,0,0,0,0,0,0,12,0,0,0,0,0,0,0,0,10,11,90.9,0,10,0,1,0,,,,,,,,,,,,,,,,,,,,,Real Sociedad
Raúl Torrente,La-Liga,2021-2022,es ESP,CM,20-051,4,0,0,0,0,0,0,0,0,5,0,0,0,0,0,0,0,0,2,3,66.7,0,3,0,0,0,,,,,,,,,,,,,,,,,,,,,Atlético Madrid
Carlos Martín,La-Liga,2021-2022,es ESP,RB,19-212,6,0,0,0,0,0,0,1,0,3,0,0,0,0,0,0,0,0,1,2,50,0,2,0,1,1,,,,,,,,,,,,,,,,,,,,,Espanyol
Ilias Akhomach,La-Liga,2021-2022,ma MAR,RW,17-218,45,0,0,0,0,2,0,0,0,25,1,0,0,0.1,0.1,0,2,0,15,19,78.9,4,22,5,1,0,,,,,,,,,,,,,,,,,,,,,Celta Vigo
Jesús Vallejo,La-Liga,2021-2022,es ESP,CB,24-320,8,0,0,0,0,0,0,0,0,13,0,0,0,0,0,0,0,0,11,11,100,0,9,0,0,0,,,,,,,,,,,,,,,,,,,,,Rayo Vallecano
Tete Morente,La-Liga,2021-2022,es ESP,LM,24-352,45,0,0,0,0,0,0,0,0,39,1,0,0,0,0,0,4,0,30,35,85.7,7,29,5,1,1,,,,,,,,,,,,,,,,,,,,,Villarreal
Ousmane Dembélé,La-Liga,2021-2022,fr FRA,RW,24-196,25,0,0,0,0,0,0,0,0,11,1,0,0,0,0,0,1,0,5,6,83.3,0,8,3,1,0,,,,,,,,,,,,,,,,,,,,,Villarreal
Miguel Juan Llambrich,La-Liga,2021-2022,es ESP,RB,25-314,13,0,0,0,0,0,0,0,0,8,0,0,0,0,0,0,0,0,4,6,66.7,0,2,0,0,0,,,,,,,,,,,,,,,,,,,,,Atlético Madrid
Fernando Calero,La-Liga,2021-2022,es ESP,CB,26-082,30,0,0,0,0,0,0,0,0,27,0,0,0,0,0,0,0,0,19,25,76,3,16,0,0,0,,,,,,,,,,,,,,,,,,,,,Rayo Vallecano
Ferran Jutglà,La-Liga,2021-2022,es ESP,LW,22-314,1,0,0,0,0,0,0,0,0,6,0,1,0,0,0,0.1,1,0,3,5,60,0,5,0,0,0,,,,,,,,,,,,,,,,,,,,,Alavés
Samuel Umtiti,La-Liga,2021-2022,fr FRA,CB,28-028,90,0,0,0,0,0,0,1,0,57,2,0,1,0,0,0,0,0,42,50,84,6,29,3,0,0,,,,,,,,,,,,,,,,,,,,,Alavés
Gabriel Veiga,La-Liga,2021-2022,es ESP,RM,19-204,4,0,0,0,0,0,0,0,0,2,0,0,0,0,0,0,0,0,2,2,100,0,0,0,0,0,,,,,,,,,,,,,,,,,,,,,Real Sociedad
Hugo Sotelo,La-Liga,2021-2022,es ESP,FW,17-363,2,0,0,0,0,0,0,0,0,1,0,0,0,0,0,0,0,0,1,1,100,0,1,0,0,0,,,,,,,,,,,,,,,,,,,,,Real Sociedad
Rubén,La-Liga,2021-2022,es ESP,RB,20-316,17,0,0,0,0,0,0,0,0,11,1,0,0,0,0,0,0,0,3,9,33.3,0,8,1,1,1,,,,,,,,,,,,,,,,,,,,,Real Madrid
Mircea ?îrlea,La-Liga,2021-2022,ro ROU,RB,21-265,15,0,0,0,0,0,0,0,0,17,0,0,0,0,0,0,0,0,12,15,80,0,4,0,3,2,,,,,,,,,,,,,,,,,,,,,Espanyol
Adrián Butzke,La-Liga,2021-2022,es ESP,FW,22-264,1,0,0,0,0,0,0,0,0,1,0,0,0,0,0,0,0,0,0,1,0,0,1,0,0,0,,,,,,,,,,,,,,,,,,,,,Getafe
Marc Pubill,La-Liga,2021-2022,es ESP,RB,18-183,90,0,0,0,0,1,1,0,0,50,2,1,0,0,0,0,2,1,27,39,69.2,1,29,1,3,0,,,,,,,,,,,,,,,,,,,,,Alavés
Ruben Lendinez,La-Liga,2021-2022,es ESP,RB,18-281,20,0,0,0,0,0,0,1,0,6,0,0,0,0,0,0,1,1,3,4,75,1,2,0,0,0,,,,,,,,,,,,,,,,,,,,,Getafe
Juanlu Sánchez,La-Liga,2021-2022,es ESP,RM,18-128,5,0,0,0,0,0,0,1,0,7,1,0,1,0,0,0,0,0,2,4,50,0,5,0,0,0,,,,,,,,,,,,,,,,,,,,,Athletic Club
Valentino Scotta,La-Liga,2021-2022,es ESP,RB,20-133,1,0,0,0,0,0,0,0,0,2,0,0,0,0,0,0,0,0,0,0,,0,1,0,0,0,,,,,,,,,,,,,,,,,,,,,Athletic Club
Peter González,La-Liga,2021-2022,do DOM,"LW,RW",19-150,5,0,0,0,0,1,1,0,0,4,0,0,0,0,0,0.2,1,0,1,1,100,0,2,1,0,0,,,,,,,,,,,,,,,,,,,,,Barcelona
Jofre,La-Liga,2021-2022,es ESP,RB,20-197,10,0,1,0,0,0,0,0,0,7,0,0,0,0,0,0.4,4,2,5,6,83.3,0,6,1,1,0,,,,,,,,,,,,,,,,,,,,,Real Sociedad
Álvaro Aguirre,La-Liga,2021-2022,es ESP,RW,21-333,9,0,0,0,0,0,0,0,0,4,0,0,0,0,0,0,0,0,3,3,100,0,1,0,0,0,,,,,,,,,,,,,,,,,,,,,Granada
Jesús Owono,La-Liga,2021-2022,gq EQG,GK,20-307,90,0,0,0,0,0,0,0,0,25,0,0,0,0,0,0,0,0,11,23,47.8,0,18,0,0,0,4,1,3,75,0.8,9,21,42.9,20,2,90,53.3,3,100,68.3,8,0,0,2,17.6,Rayo Vallecano
Naïs Djouahra,La-Liga,2021-2022,fr FRA,RM,22-040,15,0,0,0,0,0,0,0,0,16,1,0,0,0,0,0,1,0,11,14,78.6,1,6,0,0,0,,,,,,,,,,,,,,,,,,,,,Alavés
Javier Llabrés,La-Liga,2021-2022,es ESP,RW,19-113,20,0,0,0,0,0,0,0,0,14,2,0,0,0,0,0,0,0,5,9,55.6,0,6,0,1,0,,,,,,,,,,,,,,,,,,,,,Real Sociedad
Alvaro Sanz,La-Liga,2021-2022,es ESP,RM,20-322,20,0,0,0,0,0,0,0,0,11,0,0,0,0,0,0,0,0,8,10,80,1,5,0,1,0,,,,,,,,,,,,,,,,,,,,,Villarreal
Estanis,La-Liga,2021-2022,es ESP,RW,18-131,11,0,0,0,0,0,0,0,0,4,1,0,0,0,0,0,0,0,0,1,0,0,0,0,0,0,,,,,,,,,,,,,,,,,,,,,Villarreal
Carlo,La-Liga,2021-2022,es ESP,CM,20-325,7,0,0,0,0,0,0,0,0,5,0,0,0,0,0,0,0,0,4,4,100,2,4,2,0,0,,,,,,,,,,,,,,,,,,,,,Barcelona
Peru Nolaskoain,La-Liga,2021-2022,es ESP,LB,23-070,1,0,0,0,0,0,0,0,0,2,0,0,0,0,0,0,0,0,2,2,100,0,1,0,0,0,,,,,,,,,,,,,,,,,,,,,Atlético Madrid
Leo Román,La-Liga,2021-2022,es ESP,GK,21-186,90,0,0,0,0,0,0,0,0,32,0,0,0,0,0,0,0,0,19,28,67.9,0,14,0,1,1,8,2,6,75,2.1,3,12,25,19,4,42.1,35.7,9,44.4,39.4,17,1,5.9,2,12.8,Betis
Rafinha,La-Liga,2021-2022,br BRA,RM,28-330,77,0,0,0,0,2,0,0,0,42,2,0,1,0.3,0.3,0.1,2,0,27,32,84.4,1,20,2,4,3,,,,,,,,,,,,,,,,,,,,,Getafe
Álex Collado,La-Liga,2021-2022,es ESP,RM,22-261,23,0,0,0,0,0,0,0,0,13,1,0,2,0,0,0,1,0,7,8,87.5,0,8,0,2,1,,,,,,,,,,,,,,,,,,,,,Real Madrid
Dani Alves,La-Liga,2021-2022,br BRA,RB,38-247,90,0,1,0,0,0,0,0,0,72,3,0,2,0,0,0.2,4,1,54,65,83.1,5,30,2,0,0,,,,,,,,,,,,,,,,,,,,,Cádiz
Dani Ceballos,La-Liga,2021-2022,es ESP,RM,25-154,21,0,0,0,0,0,0,0,0,17,1,0,1,0,0,0,0,0,13,14,92.9,0,13,0,0,0,,,,,,,,,,,,,,,,,,,,,Levante
Gonzalo Escalante,La-Liga,2021-2022,ar ARG,RM,28-288,50,0,0,0,0,1,0,0,0,33,0,2,1,0,0,0,0,0,18,24,75,1,16,0,1,0,,,,,,,,,,,,,,,,,,,,,Sevilla
Fede San Emeterio,La-Liga,2021-2022,es ESP,CM,24-308,90,0,0,0,0,0,0,0,0,44,4,1,0,0,0,0,1,0,25,35,71.4,1,14,0,0,0,,,,,,,,,,,,,,,,,,,,,Valencia
Raúl Parra,La-Liga,2021-2022,es ESP,RB,22-053,13,0,0,0,0,0,0,0,0,9,0,0,0,0,0,0,1,0,6,9,66.7,0,4,0,0,0,,,,,,,,,,,,,,,,,,,,,Valencia
Iker Benito,La-Liga,2021-2022,es ESP,RW,19-162,13,0,0,0,0,0,0,1,0,12,0,0,1,0,0,0,0,0,3,5,60,0,4,0,3,1,,,,,,,,,,,,,,,,,,,,,Real Madrid
Cristhian Mosquera,La-Liga,2021-2022,es ESP,CB,17-206,45,0,0,0,0,0,0,0,0,18,1,2,1,0,0,0,0,0,8,11,72.7,2,9,0,0,0,,,,,,,,,,,,,,,,,,,,,Atlético Madrid
Jaume Doménech,La-Liga,2021-2022,es ESP,GK,31-075,73,0,0,0,0,0,0,0,0,25,0,0,0,0,0,0,0,0,15,23,65.2,0,12,0,0,0,2,0,2,100,0.1,7,14,50,16,1,50,39.9,7,85.7,55.3,8,0,0,1,9.3,Atlético Madrid
Javier Díaz,La-Liga,2021-2022,es ESP,GK,24-249,90,0,0,0,0,0,0,0,0,35,0,0,0,0,0,0,0,0,28,34,82.4,0,26,0,0,0,2,1,1,50,0.6,5,10,50,31,2,25.8,29.1,3,66.7,49.3,17,1,5.9,0,13.7,Rayo Vallecano
Jesús Corona,La-Liga,2021-2022,mx MEX,LW,29-013,17,0,0,0,0,1,0,0,0,11,0,0,0,0.1,0.1,0,0,0,5,6,83.3,0,9,0,1,0,,,,,,,,,,,,,,,,,,,,,Rayo Vallecano
Borja Mayoral,La-Liga,2021-2022,es ESP,FW,24-290,7,1,0,0,0,1,1,0,0,8,1,0,0,0,0,0,1,1,6,6,100,0,4,1,0,0,,,,,,,,,,,,,,,,,,,,,Elche
Tonny Vilhena,La-Liga,2021-2022,nl NED,RW,27-018,7,0,0,0,0,0,0,0,0,5,0,0,0,0,0,0,0,0,5,5,100,1,3,1,0,0,,,,,,,,,,,,,,,,,,,,,Betis
Youssouf Sabaly,La-Liga,2021-2022,sn SEN,RB,28-322,90,0,0,0,0,1,0,0,0,59,1,3,0,0,0,0,0,0,38,46,82.6,3,28,4,1,1,,,,,,,,,,,,,,,,,,,,,Celta Vigo
Rubén Alcaraz,La-Liga,2021-2022,es ESP,CM,30-266,30,0,0,0,0,2,0,0,0,21,1,0,0,0.2,0.2,0,2,0,12,16,75,2,9,1,1,1,,,,,,,,,,,,,,,,,,,,,Real Sociedad
Nikita Iosifov,La-Liga,2021-2022,ru RUS,RM,20-286,1,0,0,0,0,0,0,0,0,4,0,0,0,0,0,0,0,0,2,4,50,0,3,0,1,1,,,,,,,,,,,,,,,,,,,,,Mallorca
Luismi,La-Liga,2021-2022,es ESP,RM,20-244,1,0,0,0,0,0,0,0,0,3,0,0,0,0,0,0,0,0,1,3,33.3,0,0,0,0,0,,,,,,,,,,,,,,,,,,,,,Villarreal
Javier Serrano,La-Liga,2021-2022,es ESP,LM,19-006,1,0,0,0,0,0,0,0,0,0,0,0,0,0,0,0,0,0,0,0,,0,0,0,0,0,,,,,,,,,,,,,,,,,,,,,Osasuna
Yuri Berchiche,La-Liga,2021-2022,es ESP,FW,31-347,7,0,0,0,0,0,0,0,0,2,0,0,0,0,0,0,0,0,1,1,100,0,1,0,0,0,,,,,,,,,,,,,,,,,,,,,Mallorca
Ferrán Torres,La-Liga,2021-2022,es ESP,RW,21-328,90,0,1,0,0,1,0,0,0,59,0,0,1,0,0,0.5,2,1,41,50,82,3,51,0,2,1,,,,,,,,,,,,,,,,,,,,,Barcelona
Diego Conde,La-Liga,2021-2022,es ESP,GK,23-099,6,0,0,0,0,0,0,0,0,6,0,0,0,0,0,0,0,0,0,6,0,0,2,0,0,0,0,0,0,,0,0,6,0,4,0,100,61,2,100,68,5,1,20,0,5,Real Madrid
Martín Cáceres,La-Liga,2021-2022,uy URU,CB,34-303,45,0,0,0,0,0,0,0,0,49,0,1,1,0,0,0.1,1,0,41,47,87.2,4,39,1,0,0,,,,,,,,,,,,,,,,,,,,,Valencia
Nahuel Tenaglia,La-Liga,2021-2022,ar ARG,RB,25-349,37,0,0,0,0,0,0,0,0,22,2,1,0,0,0,0,0,0,6,15,40,1,10,0,1,0,,,,,,,,,,,,,,,,,,,,,Betis
Sergio Rico,La-Liga,2021-2022,es ESP,GK,28-157,90,0,0,0,0,0,0,0,0,17,0,0,0,0,0,0,0,0,10,15,66.7,0,11,0,0,0,5,1,4,80,1.9,3,8,37.5,12,6,41.7,36.4,3,100,57,18,1,5.6,0,9,Sevilla
Vedat Muriqi,La-Liga,2021-2022,xk KVX,FW,27-287,88,1,0,1,1,6,2,0,0,42,0,0,0,1.2,0.4,0,5,1,15,29,51.7,1,27,0,3,1,,,,,,,,,,,,,,,,,,,,,Sevilla
Luis Hernández,La-Liga,2021-2022,es ESP,"RM,CB",32-297,16,0,0,0,0,1,0,0,0,29,0,0,0,0.1,0.1,0,1,0,20,24,83.3,3,19,1,0,0,,,,,,,,,,,,,,,,,,,,,Getafe
Jonás Ramalho,La-Liga,2021-2022,es ESP,RB,28-240,90,0,0,0,0,0,0,0,0,50,3,2,3,0,0,0,0,0,18,34,52.9,2,20,1,2,0,,,,,,,,,,,,,,,,,,,,,Osasuna
Anthony Martial,La-Liga,2021-2022,fr FRA,"LW,AM",26-062,76,0,0,0,0,0,0,0,0,46,0,0,0,0,0,0,0,0,34,39,87.2,0,36,4,4,2,,,,,,,,,,,,,,,,,,,,,Cádiz
Bryan Gil,La-Liga,2021-2022,es ESP,"FW,LM,RM",20-360,90,0,0,0,0,4,1,0,0,41,0,1,2,0.3,0.3,0.5,3,0,16,29,55.2,4,27,0,5,2,,,,,,,,,,,,,,,,,,,,,Villarreal
Eray Cömert,La-Liga,2021-2022,ch SUI,CB,24-002,69,0,0,0,0,1,0,0,0,22,2,1,0,0.1,0.1,0,0,0,11,15,73.3,1,14,1,0,0,,,,,,,,,,,,,,,,,,,,,Villarreal
Ilaix Moriba,La-Liga,2021-2022,gn GUI,CM,19-018,69,0,0,0,0,1,0,1,0,31,4,2,1,0,0,0,1,0,13,17,76.5,1,17,0,1,0,,,,,,,,,,,,,,,,,,,,,Villarreal
Adama Traoré,La-Liga,2021-2022,es ESP,RW,26-012,60,0,1,0,0,1,0,0,0,31,1,2,1,0.1,0.1,0.1,3,1,20,25,80,3,19,2,5,2,,,,,,,,,,,,,,,,,,,,,Espanyol
Pierre-Emerick Aubameyang,La-Liga,2021-2022,ga GAB,FW,32-233,30,0,0,0,0,1,0,0,0,22,0,0,2,0,0,0,0,0,10,13,76.9,2,6,2,1,0,,,,,,,,,,,,,,,,,,,,,Espanyol
Reinildo Mandava,La-Liga,2021-2022,mz MOZ,LB,28-016,36,0,0,0,0,0,0,0,0,27,0,0,0,0,0,0,1,0,20,25,80,2,18,2,2,1,,,,,,,,,,,,,,,,,,,,,Elche
Matias Arezo,La-Liga,2021-2022,uy URU,LM,19-077,11,0,0,0,0,0,0,0,0,3,0,0,0,0,0,0,0,0,1,3,33.3,0,1,0,0,0,,,,,,,,,,,,,,,,,,,,,Villarreal
Myrto Uzuni,La-Liga,2021-2022,al ALB,LM,26-251,79,0,0,0,0,1,1,0,0,14,1,2,0,0.3,0.3,0,0,0,7,8,87.5,0,10,0,1,1,,,,,,,,,,,,,,,,,,,,,Villarreal
Njegoš Petrovi?,La-Liga,2021-2022,rs SRB,CM,22-203,20,0,0,0,0,0,0,0,0,13,0,1,0,0,0,0,0,0,11,11,100,0,10,1,0,0,,,,,,,,,,,,,,,,,,,,,Villarreal
Kike Pérez,La-Liga,2021-2022,es ESP,CM,24-362,17,0,0,0,0,0,0,0,0,13,1,0,2,0,0,0.1,1,0,8,10,80,0,5,0,0,0,,,,,,,,,,,,,,,,,,,,,Espanyol
Giovani Lo Celso,La-Liga,2021-2022,ar ARG,FW,25-309,86,0,0,0,0,3,1,0,0,67,3,0,0,0.1,0.1,0.2,2,0,45,55,81.8,2,42,2,5,4,,,,,,,,,,,,,,,,,,,,,Valencia
Giovanni González,La-Liga,2021-2022,uy URU,RM,27-147,1,0,0,0,0,0,0,0,0,0,0,0,0,0,0,0,0,0,0,0,,0,0,0,0,0,,,,,,,,,,,,,,,,,,,,,Atlético Madrid
Ezequiel Ponce,La-Liga,2021-2022,ar ARG,FW,24-326,24,1,0,0,0,2,2,0,0,9,0,0,0,1,1,0,1,1,3,5,60,0,5,0,2,2,,,,,,,,,,,,,,,,,,,,,Real Madrid
José Mari,La-Liga,2021-2022,es ESP,CM,34-075,6,0,0,0,0,0,0,0,0,12,0,0,0,0,0,0,0,0,7,12,58.3,1,2,1,0,0,,,,,,,,,,,,,,,,,,,,,Alavés
Ander Martin,La-Liga,2021-2022,es ESP,LM,21-096,18,0,0,0,0,0,0,0,0,18,0,2,0,0,0,0.1,1,0,5,8,62.5,0,9,1,3,0,,,,,,,,,,,,,,,,,,,,,Rayo Vallecano
Orbelín Pineda,La-Liga,2021-2022,mx MEX,LM,25-334,28,0,0,0,0,4,1,0,0,22,0,0,0,0.5,0.5,0,2,0,12,14,85.7,1,15,1,0,0,,,,,,,,,,,,,,,,,,,,,Osasuna
Alex Sola,La-Liga,2021-2022,es ESP,"LB,RW",22-263,20,0,0,0,0,1,0,0,0,15,1,1,0,0.1,0.1,0,0,0,6,9,66.7,2,5,1,2,2,,,,,,,,,,,,,,,,,,,,,Cádiz
Asier Illarramendi,La-Liga,2021-2022,es ESP,DM,31-356,70,0,0,0,0,0,0,0,0,81,2,0,0,0,0,0,1,0,64,72,88.9,6,37,0,3,1,,,,,,,,,,,,,,,,,,,,,Cádiz
Gonzalo Villar,La-Liga,2021-2022,es ESP,CM,23-347,10,0,0,0,0,0,0,0,0,13,0,0,1,0,0,0,1,0,6,7,85.7,3,6,0,3,3,,,,,,,,,,,,,,,,,,,,,Granada
Joan García,La-Liga,2021-2022,es ESP,GK,20-312,18,0,0,0,0,0,0,0,0,9,0,0,0,0,0,0,0,0,5,8,62.5,0,1,0,0,0,1,1,0,0,0.2,3,6,50,6,1,66.7,47,2,100,71,7,0,0,0,3,Getafe
Lucas Olaza,La-Liga,2021-2022,uy URU,LM,27-234,5,0,0,0,0,0,0,1,0,16,0,0,0,0,0,0,1,0,11,15,73.3,1,5,0,0,0,,,,,,,,,,,,,,,,,,,,,Alavés
Carmona,La-Liga,2021-2022,es ESP,CB,20-043,24,0,0,0,0,0,0,0,0,14,0,1,0,0,0,0,1,0,7,13,53.8,1,4,1,1,1,,,,,,,,,,,,,,,,,,,,,Mallorca
Clément Grenier,La-Liga,2021-2022,fr FRA,CM,31-066,5,0,0,0,0,0,0,0,0,10,0,0,1,0,0,0,0,0,8,8,100,1,4,0,1,0,,,,,,,,,,,,,,,,,,,,,Levante
Oier Olazábal,La-Liga,2021-2022,es ESP,GK,32-187,45,0,0,0,0,0,0,0,0,17,0,0,0,0,0,0,0,0,4,16,25,0,7,0,0,0,3,0,3,100,0.5,1,13,7.7,11,1,72.7,51.5,5,100,59.8,15,0,0,0,,Sevilla
Raúl,La-Liga,2021-2022,es ESP,"LW,LB",21-151,1,0,0,0,0,0,0,0,0,1,0,0,0,0,0,0,0,0,0,1,0,0,0,0,0,0,,,,,,,,,,,,,,,,,,,,,Valencia
Jesús Santiago,La-Liga,2021-2022,es ESP,DM,17-329,36,0,0,0,0,0,0,0,0,11,1,0,0,0,0,0,0,0,8,11,72.7,1,7,0,0,0,,,,,,,,,,,,,,,,,,,,,Real Sociedad
Giuliano Simeone,La-Liga,2021-2022,ar ARG,RM,19-123,1,0,0,0,0,0,0,0,0,3,0,0,0,0,0,0,1,0,1,3,33.3,0,1,0,0,0,,,,,,,,,,,,,,,,,,,,,Real Madrid
Marcelo Saracchi,La-Liga,2021-2022,uy URU,LB,23-363,14,0,0,0,0,0,0,0,0,12,2,1,0,0,0,0,0,0,8,9,88.9,0,8,0,0,0,,,,,,,,,,,,,,,,,,,,,Celta Vigo
Mario Gila,La-Liga,2021-2022,es ESP,CB,21-244,16,0,0,0,0,0,0,0,0,17,0,1,0,0,0,0,0,0,13,16,81.3,0,9,0,1,1,,,,,,,,,,,,,,,,,,,,,Barcelona
Barcia,La-Liga,2021-2022,es ESP,CB,21-121,75,0,0,0,0,0,0,0,0,26,0,1,1,0,0,0,0,0,8,22,36.4,0,10,1,0,0,,,,,,,,,,,,,,,,,,,,,Cádiz
Tomás Mendes,La-Liga,2021-2022,es ESP,CM,17-167,9,0,0,0,0,0,0,0,0,6,0,0,0,0,0,0,0,0,4,5,80,0,3,0,0,0,,,,,,,,,,,,,,,,,,,,,Valencia
Andriy Lunin,La-Liga,2021-2022,ua UKR,GK,23-086,90,0,0,0,0,0,0,0,0,45,0,0,0,0,0,0,0,0,41,43,95.3,0,20,0,0,0,2,1,1,100,1.3,4,5,80,30,7,6.7,22.4,13,23.1,35.8,13,1,7.7,0,10,Osasuna
Marc Tenas,La-Liga,2021-2022,es ESP,AM,20-346,15,0,0,0,0,0,0,1,0,5,0,0,0,0,0,0.2,2,0,4,4,100,0,4,0,0,0,,,,,,,,,,,,,,,,,,,,,Sevilla
Alejandro Asensio,La-Liga,2021-2022,es ESP,LW,21-240,1,0,0,0,0,1,1,0,0,2,0,0,0,0,0,0,1,0,1,1,100,0,0,0,0,0,,,,,,,,,,,,,,,,,,,,,Betis
Daniel Villahermosa,La-Liga,2021-2022,es ESP,CM,21-132,23,0,0,0,0,0,0,0,0,9,0,0,0,0,0,0,0,0,4,7,57.1,1,9,1,1,1,,,,,,,,,,,,,,,,,,,,,Atlético Madrid
Mario Dominguez,La-Liga,2021-2022,es ESP,FW,18-093,2,0,0,0,0,0,0,0,0,0,0,0,0,0,0,0,0,0,0,0,,0,0,0,0,0,,,,,,,,,,,,,,,,,,,,,Granada
Mika Mármol,La-Liga,2021-2022,es ESP,LB,20-318,1,0,0,0,0,0,0,0,0,5,0,0,0,0,0,0,0,0,4,5,80,0,3,0,0,0,,,,,,,,,,,,,,,,,,,,,Getafe
John Donald,La-Liga,2021-2022,es ESP,CB,21-258,90,0,0,0,0,0,0,0,0,59,4,2,4,0,0,0,0,0,38,47,80.9,4,26,1,0,0,,,,,,,,,,,,,,,,,,,,,Rayo Vallecano
Alejandro Primo,La-Liga,2021-2022,es ESP,GK,17-309,90,0,0,0,0,0,0,0,0,26,0,0,0,0,0,0,0,0,20,25,80,0,13,0,0,0,2,1,1,50,0.8,2,6,33.3,17,0,29.4,31.2,8,12.5,20.9,19,0,0,0,15,Cádiz
Ander Capa,La-Liga,2021-2022,es ESP,RB,30-096,4,0,0,0,0,1,0,0,0,3,0,0,0,0,0,0,0,0,1,2,50,1,3,1,0,0,,,,,,,,,,,,,,,,,,,,,Barcelona
Omar Faraj,La-Liga,2021-2022,ps PLE,FW,20-072,4,0,0,0,0,0,0,0,0,6,1,0,0,0,0,0,0,0,0,2,0,0,5,0,0,0,,,,,,,,,,,,,,,,,,,,,Villarreal
Unai Ropero,La-Liga,2021-2022,es ESP,AM,20-183,12,0,0,0,0,0,0,0,0,4,0,1,0,0,0,0,0,0,1,1,100,0,3,0,0,0,,,,,,,,,,,,,,,,,,,,,Elche
Luca Koleosho,La-Liga,2021-2022,it ITA,FW,17-249,1,0,0,0,0,0,0,0,0,2,0,0,0,0,0,0,0,0,1,1,100,1,1,0,0,0,,,,,,,,,,,,,,,,,,,,,Celta Vigo
